code,venue,roll
BM6025H,1205,"262241054, 250151006, 254024001, 254024003, 254024004, 254024006, 254024007, 254024008, 254024009, 254024010, 254024011, 254024013, 254024014, 254024015, 254024016, 254024017, 254024018, 254024019, 254024020, 254024021, 254024022, 254107203"
CL6046,1205,"256107104, 256107106, 266107012, 230107049, 254107112"
CL6049,5004,"266107001, 256107105, 256107107, 266107016, 266107021, 230107003, 230107004, 230107005, 230107006, 230107007, 230107008, 230107009, 230107013, 230107014, 230107015, 230107017, 230107018, 230107020, 230107023, 230107026, 230107029, 230107031, 230107032, 230107034, 230107038, 230107039, 230107040, 230107041, 230107042, 230107043"
CL6049,5005,"230107044, 230107045, 230107046, 230107047, 230107048, 230107049, 230107050, 230107051, 230107054, 230107057, 230107059, 230107062, 230107063, 230107064, 230107065, 230107066, 230107068, 230107069, 230107070, 230107071, 230107072, 230107074, 230107075, 230107078, 230107080, 230107081, 230107082, 230107083, 230107084, 230107085"
CL6049,5006,"230107086, 230107087, 230107088, 230107091, 230107092, 230107094, 230107097, 230107098, 230107099, 230107100, 230107101, 230107102, 230107103, 230107104, 230107105, 230107106, 230107107, 230107108, 230107109, 256107001"
CS5396,1201,"264101001, 264101002, 264101005, 264101006, 264101008, 264101010, 264101011, 264101015, 264101016, 264101017, 264101020, 264101024, 264101027, 264101028, 264101030, 264101033, 264101036, 264101038, 264101039, 264101040, 264101041, 264101054, 264101055, 264101057, 264101058, 264101060, 264101063, 264101066"
CS5396,1202,"264101067, 264101068, 264101069, 266101001, 266101010, 266101012, 266150001, 230101005, 230101080, 230101096, 230101113, 230101001, 230101008, 230101014, 230101015, 230101016, 230101017, 230101018, 230101020, 230101021, 230101022, 230101023, 230101024, 230101025, 230101028, 230101029, 230101031, 230101035"
CS5396,1203,"230101037, 230101038, 230101040, 230101042, 230101043, 230101045, 230101047, 230101048, 230101050, 230101052, 230101054, 230101055, 230101056, 230101057, 230101059, 230101060, 230101062, 230101064, 230101065, 230101066, 230101068, 230101069, 230101070, 230101072, 230101075, 230101077, 230101078, 230101082"
CS5396,1204,"230101083, 230101086, 230101087, 230101088, 230101089, 230101092, 230101093, 230101094, 230101095, 230101101, 230101105, 230101107, 230101108, 230101109, 230101111, 230101112, 230101114, 230101120, 220101052, 220101055, 220101081, 256101015"
DD6509,1201,"256105101, 266105007, 266105009, 266105011, 254205002, 254205003, 254205005, 254205006, 254205007, 254205009, 254205010, 254205011, 254205012, 254205013, 254205014, 254205015, 254205016, 254205017, 254205019, 254205020, 254205021, 254205022, 254205023, 254205024, 254205025"
DD6509,1202,"254205026, 254205027, 254205028, 254205029, 254205030, 254205102, 254205103, 254205107, 254205108, 254205109, 254205110, 254205111, 254205113, 254205115, 254205117, 254205120, 254205124, 254205125, 254205127, 254205128, 256105001, 256105002, 256105009"
HS2013,5401,"220102104, 240102098, 240101002, 240101004, 240101006, 240101008, 240101012, 240101023, 240101024, 240101032, 240101036, 240101037, 240101043, 240101044, 240101046, 240101054, 240101056, 240101066, 240101067, 240101068, 240101069, 240101080, 240101081, 240101082, 240101084, 240101085, 240101087"
HS2013,5402,"240101088, 240101089, 240101090, 240101091, 240101092, 240101094, 240101095, 240101103, 240101107, 240101108, 240101111, 240101112, 240101113, 240101114, 240101118, 240101119, 240101120, 240101121, 240101122, 240101123, 240102003, 240102028, 240102036, 240102041, 240102042, 240102053, 240102061"
HS2013,5403,"240102079, 240102085, 240102086, 240102087, 240102090, 240102092, 240102103, 240102111, 240102113, 240102119, 240102123, 240102125, 240102202, 240102206, 240102229, 240102230, 240102244, 240102258, 240102260, 240102266, 240102269, 240102279, 240103003, 240103012, 240103019, 240103020, 240103022"
HS2013,5404,"240103029, 240103054, 240103070, 240103085, 240103104, 240103108, 240103113, 240104002, 240104004, 240104007, 240104008, 240104009, 240104012, 240104025, 240104028, 240104055, 240104074, 240104080, 240104093, 240106069, 240106075, 240106076, 240107002, 240107037, 240107060, 240107086, 240107087"
HS2013,5405,"240107094, 240121014, 240121015, 240121016, 240121024, 240121030, 240122006, 240122022, 240122063, 240123001, 240123002, 240123003, 240123007, 240123013, 240123016, 240123024, 240123026, 240123027, 240123029, 240123039, 240123042, 240123043, 240123044, 240123047, 240123049, 240123053, 240123059"
HS2013,5406,"240123060, 240123063, 240123066, 240123067, 240123072, 240123073, 240123075, 240123078, 240123079, 240150001, 240150002, 240150025, 240150026, 240150027, 240150035, 240150041, 240150042, 240150045, 240150046, 240150047, 240150049, 240151001, 240151004, 240151016"
HS2022,1203,"240101003, 240102250, 220106049, 230106025, 240101033, 240101034, 240101048, 240101050, 240101055, 240101072, 240101076, 240102001, 240102017, 240102018, 240102034, 240102047, 240102048, 240102049, 240102094, 240102100, 240102251, 240102261, 240103007, 240103010, 240103015, 240103018, 240103031, 240103047, 240103049, 240103059"
HS2022,1204,"240103068, 240103086, 240103099, 240103110, 240103125, 240104006, 240104011, 240104013, 240104037, 240104044, 240104056, 240104057, 240104066, 240104068, 240104071, 240104084, 240106018, 240107014, 240107023, 240107041, 240107044, 240107056, 240107057, 240107083, 240121020, 240121042, 240121044, 240121062, 240122008, 240122030"
HS2022,1205,"240122032, 240123004, 240123019, 240123020, 240123025, 240123028, 240123035, 240123037, 240123061, 240123068, 240123069, 240123070, 240151012, 250106070, 240205004, 240205009, 240205014, 240205015, 240205019, 240205020, 240205022, 240205026, 240205029, 240205032, 240205033, 240205034, 240205036, 240205037, 240205041, 240205042, 240205049, 240205051, 240205054"
HS2034,1201,"240102019, 240205038, 240101011, 240101029, 240101035, 240101047, 240101049, 240101057, 240101058, 240101060, 240101070, 240101102, 240102006, 240102024, 240102038, 240102043, 240102045, 240102052, 240102076, 240102081, 240102084, 240102093, 240102099, 240102109, 240102112, 240102118, 240102122, 240102201, 240102209, 240102221"
HS2034,1202,"240102225, 240102227, 240102239, 240102264, 240102275, 240102278, 240103025, 240103027, 240103032, 240103050, 240103062, 240103066, 240103075, 240103093, 240103102, 240103109, 240103112, 240103121, 240104016, 240104022, 240104049, 240104052, 240104062, 240104069, 240104073, 240104087, 240104097, 240104106, 240106001, 240106020"
HS2034,1203,"240106021, 240106024, 240106031, 240106041, 240106047, 240106048, 240106065, 240106070, 240107021, 240107046, 240107052, 240107058, 240107059, 240107064, 240107089, 240107092, 240107093, 240107103, 240121001, 240121006, 240121009, 240121011, 240121019, 240121023, 240121033, 240121039, 240121047, 240121053, 240121058, 240122040"
HS2034,1204,"240122041, 240122053, 240123030, 240123048, 240123062, 240151008, 220103041, 240205001, 240205007, 240205012, 240205013, 240205016, 240205017, 240205018, 240205031, 240205035, 240205045, 240205056, 240205057"
HS2037,5301,"240101005, 240101101, 240101104, 240101016, 240101020, 240101025, 240101030, 240101041, 240101045, 240101061, 240101064, 240101071, 240101079, 240101096, 240101100, 240101115, 240102007, 240102020, 240102021, 240102023, 240102031, 240102032, 240102039, 240102055, 240102059, 240102064"
HS2037,5302,"240102065, 240102067, 240102070, 240102071, 240102074, 240102091, 240102107, 240102108, 240102110, 240102116, 240102208, 240102211, 240102215, 240102217, 240102240, 240102242, 240102243, 240102252, 240102259, 240102274, 240102276, 240102277, 240103004, 240103011, 240103028, 240103045"
HS2037,5303,"240103052, 240103053, 240103058, 240103067, 240103069, 240103082, 240103092, 240103097, 240103098, 240103120, 240103124, 240104014, 240104018, 240104021, 240104034, 240104042, 240104050, 240104060, 240104061, 240104064, 240104065, 240104067, 240104072, 240104075, 240104083, 240104089"
HS2037,5304,"240104090, 240104094, 240104096, 240104098, 240104099, 240104104, 240104107, 240104108, 240104109, 240104110, 240104112, 240106012, 240106017, 240106023, 240106025, 240106032, 240106034, 240106038, 240106040, 240106046, 240106050, 240106053, 240106054, 240106082, 240107001, 240107004"
HS2037,5305,"240107008, 240107010, 240107025, 240107029, 240107030, 240107050, 240107051, 240107054, 240107065, 240107076, 240107077, 240107079, 240107081, 240107088, 240107101, 240121007, 240121010, 240121025, 240121027, 240121038, 240121040, 240121041, 240121049, 240121060, 240121064, 240121067"
HS2037,5306,"240121068, 240122004, 240122007, 240122014, 240122021, 240122023, 240122034, 240122035, 240122037, 240122047, 240122049, 240122050, 240122057, 240122058, 240122064, 240122065, 240123005, 240123006, 240123009, 240123018, 240123021, 240123034, 240123040, 240123046, 240123056, 240123057"
HS2037,5401,"240150016, 240150038, 240151002, 240151005, 240151006, 240151007, 240151010, 240151015, 240151018, 240151020, 240205006, 240205008, 240205044, 240205047"
HS3004,5301,"230102029, 240123045, 240205039, 220102019, 240101001, 240101007, 240101015, 240101017, 240101018, 240101022, 240101028, 240101031, 240101040, 240101042, 240101052, 240101053, 240101083, 240101086, 240101093, 240101097, 240101099, 240101105, 240101109, 240101110, 240101116"
HS3004,5302,"240101117, 240101124, 240101125, 240102002, 240102005, 240102008, 240102015, 240102027, 240102029, 240102040, 240102044, 240102062, 240102063, 240102068, 240102075, 240102083, 240102089, 240102104, 240102105, 240102120, 240102121, 240102124, 240102213, 240102228, 240102231"
HS3004,5303,"240102232, 240102233, 240102234, 240102237, 240102246, 240102262, 240102265, 240102268, 240102270, 240102273, 240103033, 240103034, 240103035, 240103039, 240103041, 240103042, 240103061, 240103063, 240103073, 240103078, 240103079, 240103090, 240103100, 240103118, 240103122"
HS3004,5304,"240104015, 240104019, 240104029, 240104031, 240104041, 240104048, 240104077, 240104085, 240106004, 240106006, 240106009, 240106029, 240106033, 240106035, 240106052, 240106058, 240106060, 240106064, 240106068, 240106077, 240106078, 240106079, 240107003, 240107011, 240107017"
HS3004,5305,"240107028, 240107036, 240107040, 240107043, 240107074, 240107075, 240107080, 240107082, 240107090, 240107095, 240107096, 240107097, 240107100, 240121012, 240121021, 240121022, 240121032, 240121034, 240121037, 240121045, 240121046, 240121054, 240121056, 240121065, 240122002"
HS3004,5306,"240122012, 240122015, 240122027, 240122029, 240122033, 240122044, 240122052, 240122059, 240123012, 240123014, 240123017, 240123023, 240123036, 240123054, 240123055, 240123058, 240123064, 240123074, 240150003, 240150008, 240150009, 240150010, 240150013, 240150014, 240150024"
HS3004,5402,"240150029, 240150030, 240150031, 240150032, 240150043, 240150048, 240205002, 240205003, 240205005, 240205010, 240205021, 240205023, 240205025, 240205027, 240205030, 240205040, 240205048, 240205055"
HS3006,5301,"240103051, 230121039, 230121041, 240101014, 240101021, 240101027, 240101062, 240101063, 240101098, 240102009, 240102011, 240102033, 240102046, 240102078, 240102080, 240102082, 240102203, 240102212, 240102238, 240102247, 240102249, 240102267, 240102271, 240102272, 240103002, 240103006, 240103008"
HS3006,5302,"240103009, 240103017, 240103024, 240103036, 240103038, 240103040, 240103046, 240103048, 240103055, 240103056, 240103060, 240103065, 240103072, 240103076, 240103081, 240103101, 240103103, 240103117, 240104001, 240104003, 240104005, 240104020, 240104023, 240104024, 240104032, 240104033, 240104045"
HS3006,5303,"240104046, 240104047, 240104051, 240104054, 240104058, 240104063, 240104070, 240104076, 240104081, 240104086, 240104114, 240104115, 240104116, 240106002, 240106003, 240106010, 240106013, 240106015, 240106022, 240106049, 240106051, 240106055, 240106061, 240106063, 240106066, 240106067, 240106074"
HS3006,5304,"240106080, 240106081, 240107013, 240107015, 240107018, 240107024, 240107032, 240107047, 240107066, 240107067, 240107069, 240107078, 240107084, 240107085, 240107091, 240121028, 240121048, 240121055, 240121057, 240121066, 240122003, 240122017, 240122020, 240122024, 240122026, 240122045, 240122046"
HS3006,5305,"240122051, 240122055, 240122061, 240123011, 240123032, 240123065, 240123071, 240150007, 240150020, 240150033, 240151011, 240151013, 240205011, 240205046, 240205050, 240205052, 240205053"
HS3041,5401,"240101026, 240101009, 240101010, 240101013, 240101019, 240101038, 240101039, 240101051, 240101059, 240101065, 240101073, 240101074, 240101075, 240101077, 240101078, 240101106, 240102004, 240102010, 240102012, 240102013, 240102014, 240102016, 240102022, 240102025, 240102037, 240102050, 240102051"
HS3041,5402,"240102057, 240102058, 240102060, 240102066, 240102069, 240102095, 240102101, 240102102, 240102106, 240102114, 240102115, 240102117, 240102126, 240102207, 240102210, 240102214, 240102216, 240102220, 240102224, 240102226, 240102235, 240102241, 240102245, 240102257, 240102263, 240103001, 240103005"
HS3041,5403,"240103013, 240103023, 240103037, 240103057, 240103071, 240103080, 240103083, 240103084, 240103089, 240103094, 240103111, 240103115, 240103123, 240104027, 240104035, 240104036, 240104039, 240104040, 240104043, 240104053, 240104059, 240104082, 240104088, 240104091, 240104101, 240104102, 240104103"
HS3041,5404,"240104113, 240106005, 240106011, 240106019, 240106028, 240106030, 240106036, 240106037, 240106039, 240106057, 240106072, 240106083, 240107009, 240107016, 240107019, 240107033, 240107034, 240107042, 240107048, 240107049, 240107053, 240107062, 240107068, 240107072, 240107098, 240107099, 240121003"
HS3041,5405,"240121017, 240121026, 240121031, 240121036, 240121043, 240121063, 240122001, 240122009, 240122011, 240122013, 240122018, 240122025, 240122028, 240122031, 240122039, 240122042, 240122043, 240122048, 240122056, 240122066, 240123008, 240123010, 240123015, 240123022, 240123031, 240123033, 240123038"
HS3041,5406,"240123041, 240123050, 240123051, 240123052, 240123076, 240123077, 240150004, 240150005, 240150006, 240150012, 240150015, 240150018, 240150019, 240150021, 240150022, 240150023, 240150036, 240150037, 240150040, 240150044, 240151003, 240151009, 240151014, 240205024, 240205028"
HS6205,1201,"230205005, 252241002, 252241003, 252241004, 252241005, 252241007, 252241008, 252241009, 252241010, 252241011, 252241012, 252241014, 252241015, 252241016, 252241017, 252241018, 252241019, 252241020, 252241021, 252241022, 252241023, 252241025, 252241026, 252241027"
HS6205,1202,"252241028, 252241032, 252241033, 252241034, 252241035, 252241036, 252241037, 252241038, 252241040, 252241042, 252241043, 252241101, 252241102, 252241104, 252241106, 252241109, 252241110, 252241112"
PH5430,1205,"230121021, 230121029, 230121041, 252121007, 252121011, 252121018, 252121019, 252121020, 252121029, 252121031, 252121037, 252121039, 252121042, 252121045, 252121047, 252121057, 252121058, 242121049"
CH7157,1G2,"256122101, 256122102, 256122109, 266122003, 266122004, 266122011, 266122012, 266122016, 266122027, 266122029"
CL6029,5401,"264107001, 264107004, 264107005, 264107006, 264107009, 264107010, 264107011, 264107015, 264107101, 264107102, 264107103, 264107107, 264107108, 264107111, 264107112, 264107114, 264107115, 264107116, 264107117, 264107118, 264107119, 264107120, 264107123, 264107124"
CL6029,5402,"264107125, 264107126, 264107127, 264107129, 266104018, 266107002, 266107010, 266107013, 266107014, 266107015, 266107017, 266107020, 266107021, 266107022, 266152003"
CS5097,1G1,"264101004, 256123103, 266123014, 240101026, 240101101, 220101001, 240101002, 240101012, 240101015, 240101021, 240101023, 240101028, 240101030, 240101032, 240101033, 240101034, 240101037, 240101038, 240101041, 240101042, 240101045, 240101049, 240101050, 240101056"
CS5097,1G2,"240101058, 240101064, 240101075, 240101077, 240101078, 240101079, 240101082, 240101085, 240101092, 240101098, 240101099, 240101103, 240101108, 240101109, 240101112, 240101124, 220101037, 220101055, 220101084, 246102105, 256101009"
CS6399,5403,"264101002, 264101003, 264101005, 264101006, 264101007, 264101009, 264101012, 264101014, 264101015, 264101017, 264101020, 264101021, 264101022, 264101023, 264101033, 264101034, 264101036, 264101037, 264101038, 264101039, 264101040, 264101043"
CS6399,5404,"264101044, 264101045, 264101046, 264101047, 264101048, 264101049, 264101050, 264101051, 264101052, 264101056, 264101060, 264101061, 264101062, 264101065, 264101066, 264101068, 264152001, 264152002, 264152003, 264152004, 264152005, 264152006"
CS6399,5405,"264152007, 264152008, 264152009 , 264152010, 264152011, 264152012, 264152013, 264152014, 264152015, 264152016, 264152017, 264152018, 264152019, 264152021, 264152022, 264152023, 264152024, 264152025, 264152026, 264152027, 264152028, 264152029"
CS6399,5406,"264152030, 256150102, 256155102, 266101001, 266101008, 266101012, 266101014, 266102017, 266150001, 266150004, 266150005, 266150006, 254101038, 216201004"
DD6501S,1G1,"266105001, 266105003, 266105012, 266105013, 254205001, 254205002, 254205007, 254205009, 254205011, 254205012, 254205013, 254205016, 254205020, 254205021, 254205022, 254205023, 254205028, 254205029, 254205030, 254205112, 254205118"
FT6007,5402,
HS2008,1201,"250101056, 250102245, 250150036, 250101007, 250101012, 250101019, 250101020, 250101028, 250101045, 250101046, 250101051, 250101062, 250101075, 250101082, 250101092, 250101098, 250101113, 250101116, 250102001, 250102006, 250102007, 250102011, 250102023, 250102025, 250102034, 250102044, 250102045, 250102050"
HS2008,1202,"250102054, 250102059, 250102060, 250102068, 250102070, 250102073, 250102074, 250102075, 250102080, 250102092, 250102101, 250102107, 250102206, 250102212, 250102220, 250102226, 250102237, 250103021, 250103025, 250103027, 250103028, 250103035, 250103044, 250103054, 250103057, 250103058, 250103076, 250103077"
HS2008,1203,"250103089, 250103113, 250103114, 250103116, 250104007, 250104008, 250104019, 250104035, 250104047, 250104052, 250104059, 250104065, 250104070, 250104073, 250104079, 250104080, 250104084, 250106011, 250106027, 250106035, 250106036, 250106040, 250106055, 250106066, 250106069, 250106076, 250107004, 250107017"
HS2008,1204,"250107026, 250107029, 250107031, 250107050, 250107057, 250107061, 250107062, 250107063, 250107064, 250107067, 250107070, 250107074, 250107083, 250107090, 250121009, 250121010, 250121019, 250121054, 250122010, 250122012, 250122014, 250122029, 250122034, 250122040, 250122047, 250122059, 250122063, 250122064"
HS2008,1205,"250123009, 250123015, 250123021, 250123067, 250123068, 250150005, 250150006, 250150008, 250150022, 250150024, 250150025, 250150030, 250150037, 250151002, 250151005, 250151011, 250151012, 250359018, 250205017, 250205035, 250205049"
HS2011,5301,"250101003, 250101004, 250101005, 250101013, 250101023, 250101032, 250101033, 250101034, 250101038, 250101041, 250101065, 250101071, 250101074, 250101097, 250101099, 250101106, 250101109, 250102002, 250102009, 250102013, 250102017, 250102018, 250102019, 250102022, 250102029, 250102032"
HS2011,5302,"250102033, 250102038, 250102056, 250102058, 250102069, 250102071, 250102072, 250102088, 250102094, 250102097, 250102104, 250102106, 250102204, 250102224, 250102225, 250102238, 250102247, 250102248, 250102249, 250103003, 250103006, 250103014, 250103020, 250103047, 250103056, 250103065"
HS2011,5303,"250103066, 250103067, 250103068, 250103074, 250103083, 250103087, 250103091, 250103092, 250103094, 250103097, 250103098, 250103100, 250103104, 250103105, 250103108, 250103110, 250103115, 250103120, 250104001, 250104004, 250104005, 250104009, 250104017, 250104021, 250104024, 250104025"
HS2011,5304,"250104026, 250104027, 250104029, 250104041, 250104042, 250104045, 250104050, 250104053, 250104056, 250104063, 250104072, 250104081, 250104088, 250104092, 250104099, 250104107, 250104109, 250104116, 250106016, 250106028, 250106029, 250106046, 250106047, 250106056, 250106062, 250106065"
HS2011,5305,"250106074, 250106078, 250106079, 250107011, 250107013, 250107015, 250107019, 250107020, 250107021, 250107023, 250107025, 250107028, 250107032, 250107042, 250107054, 250107078, 250107080, 250107081, 250107092, 250121002, 250121015, 250121029, 250121032, 250121066, 250122007, 250122024"
HS2011,5306,"250122033, 250122037, 250122038, 250122052, 250122054, 250123003, 250123010, 250123023, 250123027, 250123029, 250123033, 250123038, 250123039, 250123044, 250123050, 250123052, 250123065, 250123072, 250150007, 250150009, 250150012, 250150014, 250150029, 250150031, 250150040, 250150042"
HS2011,5401,"250150043, 250150045, 250150046, 250150048, 250151001, 250151007, 250151018, 250151020, 250359015, 250359020, 250205008, 250205011, 250205027, 250205043, 250106068"
HS2018,5401,"250102236, 250107038, 250123047, 250150002, 250205036, 200107037 , 250101021, 250101029, 250101057, 250101064, 250101066, 250101067, 250101072, 250101084, 250101094, 250101115, 250102010, 250102012, 250102014, 250102026, 250102030, 250102031, 250102037, 250102041, 250102042, 250102046"
HS2018,5402,"250102057, 250102064, 250102067, 250102078, 250102085, 250102091, 250102203, 250102215, 250102218, 250102221, 250102222, 250102223, 250102235, 250102256, 250102263, 250103036, 250103042, 250103045, 250103059, 250103070, 250103071, 250103073, 250103075, 250103082, 250104013, 250104016"
HS2018,5403,"250104020, 250104036, 250104039, 250104051, 250104054, 250104057, 250104060, 250104066, 250104075, 250104077, 250104083, 250104085, 250104097, 250104104, 250104105, 250104112, 250106007, 250106009, 250106010, 250106014, 250106015, 250106020, 250106021, 250106026, 250106030, 250106032"
HS2018,5404,"250106033, 250106034, 250106039, 250106041, 250106045, 250106048, 250106054, 250106057, 250106058, 250106072, 250106075, 250107024, 250107027, 250107036, 250107039, 250107048, 250107051, 250107069, 250107071, 250107072, 250107075, 250107076, 250107077, 250107087, 250107088, 250107091"
HS2018,5405,"250121001, 250121007, 250121021, 250121025, 250121026, 250121028, 250121030, 250121065, 250122005, 250122008, 250122011, 250122016, 250122019, 250122023, 250122043, 250122046, 250122049, 250122050, 250123006, 250123007, 250123008, 250123014, 250123019, 250123022, 250123028, 250123037"
HS2018,5406,"250123040, 250123042, 250123051, 250123058, 250123069, 250123070, 250150003, 250150013, 250150016, 250151003, 250151006, 250151008, 250151009, 250151019, 220103041 , 250359003, 250359005, 250359010, 250359016, 250359022, 250205003, 250205010, 250205012, 250205022, 250205023, 250205026"
HS2018,5306,"250205031, 250205032, 250205037, 250205042, 250205045, 250205046, 250205047, 250205052"
HS2022.,5403,"250101063, 250101089, 250101100, 250102016, 250102065, 250102082, 250123025, 250123043, 250150041, 250101002, 250101031, 250101036, 250101042, 250101049, 250101053, 250101059, 250101060, 250101069, 250101076, 250101090, 250101096, 250101102"
HS2022.,5404,"250101107, 250101110, 250102003, 250102217, 250102229, 250102261, 250103026, 250103033, 250103048, 250103049, 250103053, 250103061, 250103063, 250103093, 250103099, 250104010, 250104011, 250104022, 250104038, 250104055, 250106017, 250106019"
HS2022.,5405,"250106059, 250106070, 250107030, 250107034, 250107040, 250107045, 250107053, 250107089, 250121020, 250121022, 250121027, 250121031, 250121033, 250121037, 250121039, 250121040, 250121042, 250121047, 250121048, 250121053, 250121061, 250122003"
HS2022.,5406,"250122013, 250122018, 250122022, 250122060, 250123055, 250150018, 250150023, 250150027, 250150033, 250151013, 250151015, 250151017, 250359006, 250205040"
HS2027,5401,"220106065, 250101008, 250101015, 250101016, 250101017, 250101018, 250101024, 250101025, 250101037, 250101040, 250101044, 250101047, 250101050, 250101054, 250101055, 250101068, 250101073, 250101078, 250101083, 250101093, 250101095, 250101104, 250101111, 250101112, 250101114, 250102004"
HS2027,5402,"250102005, 250102008, 250102036, 250102043, 250102049, 250102051, 250102053, 250102081, 250102083, 250102084, 250102093, 250102095, 250102098, 250102099, 250102103, 250102202, 250102208, 250102209, 250102210, 250102213, 250102216, 250102219, 250102228, 250102240, 250102241, 250102243"
HS2027,5403,"250102244, 250102246, 250102253, 250102255, 250102258, 250102262, 250102264, 250103002, 250103007, 250103012, 250103030, 250103031, 250103032, 250103037, 250103039, 250103040, 250103041, 250103050, 250103064, 250103081, 250103084, 250103086, 250103090, 250103095, 250103096, 250103101"
HS2027,5404,"250103102, 250103107, 250103109, 250103112, 250103118, 250104003, 250104018, 250104040, 250104046, 250104048, 250104049, 250104067, 250104068, 250104069, 250104074, 250104076, 250104082, 250104086, 250104087, 250104093, 250104094, 250104095, 250104096, 250104101, 250104102, 250106002"
HS2027,5405,"250106023, 250106042, 250106044, 250106050, 250106071, 250106073, 250106077, 250107003, 250107014, 250107018, 250107022, 250107033, 250107037, 250107043, 250107056, 250107068, 250107084, 250107085, 250107086, 250121003, 250121012, 250121014, 250121017, 250121018, 250121024, 250121055"
HS2027,5406,"250121056, 250122009, 250122025, 250122026, 250122053, 250123001, 250123011, 250123016, 250123020, 250123026, 250123031, 250123032, 250123034, 250123045, 250123048, 250123049, 250123054, 250123060, 250123066, 250123071, 250150020, 250150028, 250150032, 250150035, 250150038, 250150039"
HS2027,5306,"250150050, 250151004, 250359011, 250359013, 250359019, 250359023, 250205013, 250205016, 250205021, 250205053"
HS2031,2201,"250102028, 250102055, 250102090, 250101001, 250101010, 250101043, 250101048, 250101058, 250101070, 250101077, 250101079, 250101087, 250101088, 250101101, 250102024, 250102027, 250102035, 250102047, 250102048, 250102052, 250102061, 250102062, 250102063, 250102076, 250102096, 250102108, 250102207, 250102214, 250102234, 250102254, 250102257, 250102260, 250103004, 250103010, 250103013"
HS2031,2202,"250103016, 250103018, 250103019, 250103022, 250103023, 250103038, 250103051, 250103072, 250103088, 250103103, 250103106, 250103111, 250103119, 250104023, 250104028, 250104031, 250104033, 250104034, 250104043, 250104061, 250104064, 250104089, 250104090, 250104100, 250104106, 250104110, 250104111, 250104113"
HS2031,2203,"250104117, 250106001, 250106013, 250106024, 250106037, 250106051, 250106052, 250106053, 250106060, 250106061, 250106064, 250107007, 250107008, 250107010, 250107016, 250107044, 250107079, 250121004, 250121005, 250121034, 250121035, 250121044, 250121057, 250121060, 250121064, 250122002, 250122004, 250122006, 250122027, 250122031, 250122044, 250122045, 250122051, 250122058, 250123005"
HS2031,2204,"250123036, 250123046, 250123056, 250123057, 250123059, 250123064, 250150010, 250150015, 250150026, 250151010, 250151014, 250359002, 250359009, 250359021, 250205004, 250205014, 250205019, 250205030, 250205034, 250205056"
HS2040,5301,"250101006, 250101009, 250101011, 250101014, 250101022, 250101026, 250101027, 250101030, 250101035, 250101061, 250101080, 250101085, 250101086, 250101091, 250101103, 250101105, 250102015, 250102020, 250102021, 250102039, 250102040, 250102066, 250102077, 250102086, 250102087, 250102089"
HS2040,5302,"250102100, 250102201, 250102205, 250102211, 250102227, 250102230, 250102232, 250102233, 250102239, 250102242, 250102250, 250102252, 250102259, 250103001, 250103005, 250103009, 250103011, 250103015, 250103024, 250103034, 250103052, 250103055, 250103060, 250103069, 250103078, 250103079"
HS2040,5303,"250103080, 250103085, 250103117, 250104012, 250104014, 250104015, 250104030, 250104032, 250104037, 250104044, 250104058, 250104071, 250104078, 250104091, 250104103, 250104108, 250104114, 250104115, 250106003, 250106004, 250106008, 250106012, 250106025, 250106038, 250106067, 250107001"
HS2040,5304,"250107002, 250107006, 250107009, 250107012, 250107035, 250107041, 250107046, 250107047, 250107049, 250107052, 250107055, 250107058, 250107059, 250107066, 250107073, 250107082, 250121006, 250121008, 250121011, 250121016, 250121023, 250121038, 250121043, 250121045, 250121046, 250121049"
HS2040,5305,"250121050, 250121058, 250121063, 250121067, 250121068, 250122001, 250122017, 250122020, 250122021, 250122028, 250122030, 250122032, 250122035, 250122039, 250122041, 250122042, 250122048, 250122055, 250122057, 250122061, 250122062, 250122065, 250123002, 250123004, 250123012, 250123013"
HS2040,5306,"250123017, 250123018, 250123024, 250123030, 250123035, 250123041, 250123061, 250123062, 250123063, 250123073, 250150001, 250150004, 250150011, 250150017, 250150021, 250150034, 250150044, 250150047, 250151016, 250359001, 250359004, 250205001, 250205005, 250205007, 250205009, 250205015"
HS2040,5402,"250205018, 250205020, 250205025, 250205029, 250205033, 250205038, 250205039, 250205041, 250205044, 250205048, 250205050, 250205054, 250205055"
HS3011,5301,"230101080, 230101113, 230102077, 230108052, 230101002, 230101007, 230101023, 230101048, 230101057, 230101061, 230101073, 230101075, 230101082, 230101083, 230101086, 230101087, 230101105, 230101120, 230102019, 230102028, 230102070, 230102078, 230102089, 230103003, 230103011, 230103026, 230103028"
HS3011,5302,"230103037, 230103041, 230103042, 230103069, 230103072, 230103076, 230103106, 230103109, 230103115, 230103123, 230103124, 230104004, 230104024, 230104033, 230104036, 230104040, 230104049, 230104051, 230104069, 230104070, 230104073, 230104075, 230104077, 230104079, 230104098, 230104102, 230104114"
HS3011,5303,"230106017, 230106018, 230106024, 230106026, 230106078, 230106084, 230107005, 230107006, 230107007, 230107009, 230107017, 230107083, 230107092, 230108014, 230108061, 230108077, 230121005, 230121011, 230121028, 230121040, 230121043, 230121052, 230121052, 230121056, 230121058, 230122011, 230122028"
HS3011,5304,"230122036, 230122039, 230122045, 230122050, 230123011, 230123019, 230123027, 230123038, 230123059, 230123063, 230123070, 230150018, 230150033, 230151007, 230151011, 230151015, 230151018, 230205008, 230205017"
HS3012,1201,"230102050, 230101006, 230101027, 230101037, 230101041, 230101043, 230101055, 230101069, 230101088, 230101091, 230101094, 230102005, 230102010, 230102012, 230102020, 230102027, 230102036, 230102057, 230102069, 230102071, 230102081, 230102090, 230102093, 230102096, 230102097, 230102107, 230102116, 230103016"
HS3012,1202,"230103018, 230103022, 230103031, 230103040, 230103044, 230103058, 230103059, 230103061, 230103065, 230103067, 230103073, 230103074, 230103089, 230103093, 230103094, 230103098, 230103113, 230103117, 230103128, 230103131, 230104003, 230104019, 230104026, 230104027, 230104030, 230104034, 230104035, 230104043"
HS3012,1203,"230104046, 230104053, 230104067, 230104076, 230104080, 230104083, 230104100, 230106015, 230106028, 230106044, 230106069, 230106079, 230107004, 230107016, 230107018, 230107021, 230107023, 230107053, 230107057, 230107080, 230107106, 230107107, 230108010, 230108011, 230108017, 230108039, 230108041, 230108047"
HS3012,1204,"230108051, 230108054, 230108058, 230108059, 230121007, 230121015, 230121023, 230121026, 230121027, 230121032, 230121035, 230121054, 230121064, 230121066, 230122024, 230122027, 230122046, 230122051, 230122053, 230123005, 230123006, 230123013, 230123033, 230123050, 230123055, 230123062, 230123071, 230123074"
HS3012,1205,"230150005, 230150016, 230150020, 230150022, 230150025, 230150027, 230150028, 230151004, 230151006, 230151019, 230205002, 230205003, 230205019, 230205021, 230205046, 230205055, 230205056"
HS3013,2201,"230123002, 230101001, 230101009, 230101012, 230101013, 230101021, 230101028, 230101032, 230101053, 230101062, 230101067, 230101072, 230101084, 230101125, 230101089, 230101098, 230101099, 230101102, 230101115, 230101116, 230101117, 230101122, 230101123, 230102004, 230102016, 230102031, 230102033, 230102039, 230102043, 230102044, 230102049, 230102051, 230102052, 230102055, 230102059, 230102060, 230102062, 230102075"
HS3013,2202,"230102082, 230102086, 230102088, 230102101, 230102123, 230102126, 230103004, 230103006, 230103007, 230103013, 230103015, 230103023, 230103027, 230103034, 230103035, 230103038, 230103049, 230103052, 230103053, 230103055, 230103057, 230103079, 230103081, 230103088, 230103101, 230103114, 230103122, 230103126, 230103127, 230104006"
HS3013,2203,"230104009, 230104023, 230104031, 230104042, 230104056, 230104057, 230104059, 230104061, 230104062, 230104063, 230104068, 230104071, 230104072, 230104095, 230104106, 230104107, 230106043, 230106059, 230106063, 230106073, 230107020, 230107056, 230107069, 230107100, 230107102, 230107103, 230107105, 230108009, 230108012, 230108022, 230108033, 230108036, 230108037, 230108071, 230108074, 230121013, 230121025"
HS3013,2204,"230121039, 230122034, 230122041, 230122044, 230122056, 230122063, 230123001, 230123014, 230123030, 230123031, 230123040, 230123042, 230123054, 230123068, 230123072, 230123078, 230123084, 230150034, 230151005, 230151008, 230151010, 230151013"
HS3014,2201,"230101096, 230102013, 230108030, 230205050, 230101022, 230101030, 230101040, 230101065, 230101093, 230101095, 230101103, 230101109, 230101114, 230102001, 230102008, 230102023, 230102037, 230102054, 230102099, 230102100, 230102115, 230103009, 230103012, 230103014, 230103020, 230103024, 230103032, 230103050, 230103051, 230103082, 230103095, 230103100, 230103105, 230103121, 230103133"
HS3014,2202,"230104007, 230104008, 230104015, 230104028, 230104029, 230104032, 230104037, 230104041, 230104044, 230104050, 230104085, 230104087, 230104088, 230104113, 230104118, 230106001, 230106002, 230106006, 230106008, 230106010, 230106014, 230106019, 230106020, 230106035, 230106052, 230106053, 230106061, 230106068"
HS3014,2203,"230106074, 230107014, 230107027, 230107031, 230107032, 230107038, 230107044, 230107046, 230107047, 230107049, 230107058, 230107076, 230107085, 230107108, 230108053, 230108078, 230108079, 230121004, 230121009, 230121010, 230121021, 230121029, 230121033, 230121042, 230121059, 230121060, 230121067, 230122001, 230122003, 230122016, 230122019, 230122021, 230122022, 230122037, 230122047"
HS3014,2204,"230122049, 230122060, 230122064, 230123021, 230123035, 230123052, 230123069, 230150003, 230150014, 230150021, 230150029, 230151003, 230151014, 230205001, 230205007, 230205011, 230205023, 230205037, 230205045, 230205053"
HS3019,5301,"230104017, 200106077, 220101052, 220121045, 230101034, 230101044, 230101070, 230101100, 230101111, 230102011, 230102034, 230102061, 230102063, 230102095, 230103010, 230103036, 230103043, 230103047, 230103070, 230103078, 230103084, 230103097, 230103116, 230104011"
HS3019,5302,"230104012, 230104013, 230104016, 230104038, 230104048, 230104052, 230104060, 230104065, 230104097, 230104109, 230104115, 230106003, 230106009, 230106023, 230106025, 230106036, 230106042, 230106045, 230106047, 230106055, 230106056, 230106067, 230106075, 230106082"
HS3019,5303,"230106083, 230107003, 230107013, 230107015, 230107026, 230107034, 230107041, 230107051, 230107059, 230107068, 230107075, 230107081, 230108003, 230108013, 230108040, 230108043, 230108046, 230108070, 230121003, 230121022, 230121036, 230121045, 230121050, 230122004"
HS3019,5304,"230122013, 230122026, 230122043, 230123009, 230123017, 230123056, 230123058, 230150004, 230151017, 220101105 , 220122042, 230205004, 230205005, 230205006, 230205009, 230205010, 230205012, 230205014, 230205015, 230205018, 230205022, 230205024, 230205026, 230205027"
HS3019,5305,"230205028, 230205030, 230205031, 230205032, 230205033, 230205034, 230205035, 230205036, 230205038, 230205039, 230205040, 230205042, 230205043, 230205044, 230205048, 230205049, 230205051, 230205052"
HS3030,2201,"230101011, 230101014, 230101015, 230101018, 230101025, 230101026, 230101031, 230101038, 230101042, 230101054, 230101060, 230101068, 230101071, 230101077, 230101101, 230101107, 230101108, 230101121, 230102002, 230102021, 230102030, 230102040, 230102041, 230102045, 230102047, 230102064, 230102065, 230102068, 230102072, 230102074, 230102094, 230102102, 230102106, 230102109, 230102124, 230103019, 230103021"
HS3030,2202,"230103046, 230103063, 230103068, 230103071, 230103086, 230103087, 230103091, 230103092, 230103102, 230103107, 230103125, 230103130, 230104001, 230104022, 230104047, 230104058, 230104089, 230104091, 230104093, 230104099, 230104111, 230104112, 230106005, 230106021, 230106022, 230106027, 230106034, 230106049, 230106051, 230106065"
HS3030,2203,"230106071, 230106077, 230107008, 230107025, 230107040, 230107050, 230107054, 230107065, 230107071, 230107072, 230107084, 230107086, 230107087, 230107094, 230107097, 230107098, 230108001, 230108016, 230108019, 230108021, 230108029, 230108035, 230108038, 230108044, 230108062, 230108064, 230108069, 230108073, 230108075, 230121018, 230121030, 230121031, 230121048, 230121051, 230121057, 230121063, 230122002"
HS3030,2204,"230122006, 230122009, 230122015, 230122032, 230122038, 230122058, 230122059, 230122065, 230123007, 230123008, 230123012, 230123015, 230123020, 230123025, 230123028, 230123037, 230123043, 230123047, 230123049, 230123076, 230150010, 230150011, 230205016, 230205020"
HS3042,1201,"230101004, 230101005, 230102079, 230101016, 230101017, 230101029, 230101033, 230101035, 230101036, 230101046, 230101049, 230101056, 230101058, 230101066, 230101081, 230101085, 230101097, 230101110, 230102003, 230102015, 230102073, 230102085, 230102091, 230102092, 230102098, 230102105, 230102108, 230102111"
HS3042,1202,"230102112, 230102113, 230102114, 230102118, 230102119, 230102121, 230102122, 230102125, 230103033, 230103048, 230103056, 230103060, 230103062, 230103066, 230103077, 230103090, 230103103, 230103104, 230103112, 230103132, 230104005, 230104018, 230104020, 230104021, 230104045, 230104055, 230104081, 230104105"
HS3042,1203,"230104108, 230104110, 230104116, 230104117, 230106012, 230106029, 230106031, 230106032, 230106038, 230106046, 230106050, 230106058, 230106060, 230106076, 230106081, 230107010, 230107035, 230107043, 230107055, 230107063, 230107078, 230107079, 230107101, 230107109, 230108034, 230108056, 230108066, 230108067"
HS3042,1204,"230108080, 230121012, 230121016, 230121017, 230121019, 230121020, 230121034, 230121038, 230121041, 230121049, 230121055, 230121068, 230121069, 230122010, 230122014, 230122018, 230122020, 230122033, 230122048, 230122057, 230122062, 230123016, 230123018, 230123029, 230123032, 230123041, 230123046, 230123048"
HS3042,1205,"230123057, 230123060, 230123061, 230123065, 230123077, 230123082, 230123083, 230150002, 230150007, 230150012, 230150017, 230150019, 230150023, 230150026, 230150030, 230151002, 230151012, 230205013, 230205029, 230205041, 230205047, 230205054"
HS3045,1201,"230107028, 230101003, 230101008, 230101010, 230101019, 230101020, 230101024, 230101039, 230101045, 230101047, 230101050, 230101051, 230101052, 230101059, 230101063, 230101064, 230101074, 230101078, 230101079, 230101092, 230101104, 230101106, 230101112, 230101118, 230101119, 230101124, 230102006, 230102017"
HS3045,1202,"230102022, 230102025, 230102026, 230102035, 230102038, 230102048, 230102056, 230102076, 230102080, 230102083, 230102103, 230102110, 230102117, 230102120, 230103029, 230103045, 230103080, 230103099, 230103108, 230103120, 230103129, 230104010, 230104039, 230104086, 230104090, 230104094, 230106011, 230106030"
HS3045,1203,"230106040, 230106041, 230106048, 230106070, 230107012, 230107019, 230107022, 230107029, 230107039, 230107042, 230107045, 230107048, 230107062, 230107064, 230107066, 230107070, 230107074, 230107082, 230107088, 230107091, 230107099, 230107104, 230108002, 230108007, 230108008, 230108015, 230108018, 230108020"
HS3045,1204,"230108026, 230108028, 230108042, 230108048, 230108055, 230108057, 230108060, 230108063, 230108065, 230108068, 230108072, 230108076, 230121014, 230121037, 230121044, 230122005, 230122007, 230122008, 230122030, 230122035, 230122052, 230122054, 230122055, 230123004, 230123022, 230123023, 230123024, 230123026"
HS3045,1205,"230123034, 230123039, 230123044, 230123045, 230123051, 230123066, 230123073, 230123075, 230123079, 230123080, 230123081, 230150009, 230150013, 230150015, 230150031, 230150032, 230151016, 230151020"
RT5022,1G1,"264154002, 264154005, 264154006, 264154007, 264154008, 264154009, 264154010, 264154011, 266154004, 266154009"
BM5181H,1205,"266124006, 254024001, 254024003, 254024004, 254024005, 254024006, 254024007, 254024008, 254024009, 254024010, 254024011, 254024012, 254024013, 254024014, 254024015, 254024016, 254024017, 254024018, 254024019, 254024020, 254024021, 254024022"
BT3001,4201,"240106001, 240106002, 240106003, 240106004, 240106005, 240106006, 240106009, 240106010, 240106011, 240106012, 240106013, 240106015, 240106017, 240106018, 240106019, 240106020, 240106021, 240106022, 240106023, 240106024, 240106025, 240106028, 240106029, 240106030, 240106031, 240106032, 240106033"
BT3001,4202,"240106034, 240106035, 240106036, 240106037, 240106038, 240106039, 240106040, 240106041, 240106046, 240106047, 240106048, 240106049, 240106050, 240106051, 240106052, 240106053, 240106054, 240106055, 240106057, 240106058, 240106060, 240106061, 240106063, 240106064, 240106065, 240106066, 240106067"
BT3001,4204,"240106068, 240106069, 240106070, 240106072, 240106074, 240106075, 240106076, 240106077, 240106078, 240106079, 240106080, 240106081, 240106082, 240106083"
BT6019,1205,"264106005, 264106009, 264106011, 264106012, 264106020, 264106022, 264106030, 264106032, 264106035, 264106037, 264106038, 264106039, 264106043, 266106005, 266106007, 266106008, 266106010, 266106024, 266106026, 266106033, 266106036, 266106039, 266152006, 266153004, 266153005, 216106023"
CE1102,5401,"260104001, 260104002, 260104003, 260104004, 260104005, 260104006, 260104007, 260104008, 260104009, 260104010, 260104011, 260104012, 260104013, 260104014, 260104015, 260104016, 260104017, 260104018, 260104019, 260104020, 260104021, 260104022, 260104023, 260104024"
CE1102,5402,"260104025, 260104026, 260104027, 260104028, 260104029, 260104030, 260104031, 260104032, 260104033, 260104034, 260104035, 260104036, 260104037, 260104038, 260104039, 260104040, 260104041, 260104042, 260104043, 260104044, 260104045, 260104046, 260104047, 260104048"
CE1102,5403,"260104049, 260104050, 260104051, 260104052, 260104053, 260104054, 260104055, 260104056, 260104057, 260104058, 260104059, 260104060, 260104061, 260104062, 260104063, 260104064, 260104065, 260104066, 260104067, 260104068, 260104069, 260104070, 260104071, 260104072"
CE1102,5404,"260104073, 260104074, 260104075, 260104076, 260104077, 260104078, 260104080, 260104081, 260104082, 260104083, 260104084, 260104085, 260104086, 260104087, 260104088, 260104089, 260104090, 260104091, 260104092, 260104093, 260104094, 260104095, 260104096, 260104097"
CE1102,5405,"260104098, 260104099, 260104100, 260104102, 260104103, 260104104, 260104105, 260104106, 260104107, 260104108, 260104109, 260104110, 260104111, 260104112, 260104113, 260104114, 260104115, 260104116"
CE3102,1201,"240104001, 240104002, 240104003, 240104004, 240104005, 240104006, 240104007, 240104008, 240104009, 240104011, 240104012, 240104013, 240104014, 240104015, 240104016, 240104018, 240104019, 240104020, 240104021, 240104022, 240104023, 240104024, 240104025, 240104027, 240104028, 240104029, 240104031, 240104032"
CE3102,1202,"240104033, 240104034, 240104035, 240104036, 240104037, 240104039, 240104040, 240104041, 240104042, 240104043, 240104044, 240104045, 240104046, 240104047, 240104048, 240104049, 240104050, 240104051, 240104052, 240104053, 240104054, 240104055, 240104056, 240104057, 240104058, 240104059, 240104060, 240104061"
CE3102,1203,"240104062, 240104063, 240104064, 240104065, 240104066, 240104067, 240104068, 240104069, 240104070, 240104071, 240104072, 240104073, 240104074, 240104075, 240104076, 240104077, 240104080, 240104081, 240104082, 240104083, 240104084, 240104085, 240104086, 240104087, 240104088, 240104089, 240104090, 240104091"
CE3102,1204,"240104093, 240104094, 240104096, 240104097, 240104098, 240104099, 240104101, 240104102, 240104103, 240104104, 240104106, 240104107, 240104108, 240104109, 240104110, 240104112, 240104113, 240104114, 240104115, 240104116"
CE5021,5302,"264104101, 264104102, 264104103, 264104104, 264104105, 264104106, 264104107, 264104108, 264104109, 264104110, 264104111, 264104112, 264104113, 264104114, 264104115, 256152102"
CE5032,5301,"264104201, 264104203, 264104204, 264104205, 264104206, 264104207, 264104208, 264104209, 264104210, 264104211, 264104212, 264104213, 264104214, 264104215, 264104216, 264104217, 264104218, 264104219, 264104220, 256104101, 256104109, 264104202"
CE5051,5305,"264104601, 264104603, 264104604, 264104605, 264104606, 264104607, 264104608, 264104609, 264104610, 264104611, 264104612, 264104613, 256104108, 266104003, 266104009, 266104013, 266104016, 266104023, 266152007"
CE5082,5306,"264104503, 264104501, 264104502, 264104504, 264104506, 264104507, 264104508, 264104509, 264104510, 264104511, 264104512, 264104513, 264104514, 264104515, 264104516, 264104517, 264104518"
CH3123,2201,"240122001, 240122002, 240122003, 240122004, 240122006, 240122007, 240122008, 240122009, 240122010, 240122011, 240122012, 240122013, 240122014, 240122015, 240122017, 240122018, 240122020, 240122021, 240122022, 240122023, 240122024, 240122025, 240122026, 240122027, 240122028, 240122029, 240122030, 240122031, 240122032, 240122033, 240122034, 240122035, 240122037, 240122039, 240122040"
CH3123,2202,"240122041, 240122042, 240122043, 240122044, 240122045, 240122046, 240122047, 240122048, 240122049, 240122050, 240122051, 240122052, 240122053, 240122055, 240122056, 240122057, 240122058, 240122059, 240122061, 240122063, 240122064, 240122065, 240122066, 220122022"
CH7151,5405,"256122101, 256122102, 256122103, 256122104, 256122105, 256122107, 256122108, 256122109, 256122111, 266122001, 266122002, 266122003, 266122004, 266122005, 266122006, 266122008, 266122009, 266122010, 266122011, 266122012, 266122013, 266122014"
CH7151,5406,"266122015, 266122016, 266122017, 266122018, 266122019, 266122020, 266122022, 266122024, 266122025, 266122026, 266122027, 266122029, 266122030, 266153002, 266153003, 256122012, 266122007"
CL1101,1203,"260107005, 260107001, 260107002, 260107003, 260107004, 260107006, 260107008, 260107010, 260107011, 260107012, 260107013, 260107014, 260107015, 260107016, 260107017, 260107018, 260107019, 260107020, 260107021, 260107022, 260107023, 260107024, 260107025, 260107026, 260107027, 260107028, 260107029, 260107030, 260107031, 260107032"
CL1101,1204,"260107033, 260107034, 260107035, 260107036, 260107037, 260107038, 260107039, 260107041, 260107042, 260107043, 260107044, 260107045, 260107046, 260107047, 260107049, 260107051, 260107052, 260107053, 260107054, 260107055, 260107056, 260107057, 260107058, 260107059, 260107060, 260107061, 260107062, 260107063, 260107064, 260107065"
CL1101,1205,"260107066, 260107067, 260107068, 260107070, 260107072, 260107073, 260107074, 260107075, 260107076, 260107077, 260107078, 260107080, 260107081, 260107082, 260107083, 260107084, 260107085, 260107086, 260107087, 260107088, 260107089, 260107090, 260107091, 260107092"
CL1102,2201,"260106001, 260106002, 260106003, 260106004, 260106005, 260106006, 260106008, 260106009, 260106010, 260106011, 260106012, 260106013, 260106016, 260106017, 260106018, 260106019, 260106020, 260106021, 260106022, 260106023, 260106024, 260106025, 260106026, 260106027, 260106029, 260106030, 260106031, 260106032, 260106033, 260106034, 260106035, 260106036, 260106037, 260106038, 260106039, 260106040, 260106041, 260106042"
CL1102,2203,"260106043, 260106046, 260106047, 260106049, 260106050, 260106051, 260106052, 260106054, 260106055, 260106056, 260106057, 260106058, 260106059, 260106060, 260106061, 260106062, 260106064, 260106065, 260106066, 260106067, 260106068, 260106069, 260106070, 260106071, 260106072, 260106073, 260106074"
CL1103,4201,"260122001, 260122002, 260122003, 260122004, 260122005, 260122006, 260122007, 260122008, 260122009, 260122010, 260122011, 260122012, 260122013, 260122015, 260122016, 260122017, 260122018, 260122019, 260122020, 260122021, 260122022, 260122023, 260122024, 260122025, 260122026, 260122027, 260122028, 260122029, 260122030, 260122031"
CL1103,4202,"260122032, 260122033, 260122035, 260122036, 260122037, 260122038, 260122039, 260122040, 260122041, 260122042, 260122043, 260122044, 260122045, 260122046, 260122047, 260122048, 260122049, 260122050, 260122051, 260122052, 260122053, 260122054, 260122055, 260122056, 260122057, 260122058, 260122059, 260122060"
CL3003,1201,"240107001, 240107002, 240107003, 240107004, 240107008, 240107009, 240107010, 240107011, 240107013, 240107014, 240107015, 240107016, 240107017, 240107018, 240107019, 240107021, 240107023, 240107024, 240107025, 240107028, 240107029, 240107030, 240107032, 240107033, 240107034, 240107036, 240107037, 240107040"
CL3003,1202,"240107041, 240107042, 240107043, 240107044, 240107046, 240107047, 240107048, 240107049, 240107050, 240107051, 240107052, 240107053, 240107054, 240107056, 240107057, 240107058, 240107059, 240107060, 240107062, 240107064, 240107065, 240107066, 240107067, 240107068, 240107069, 240107072, 240107074, 240107075"
CL3003,1205,"240107076, 240107077, 240107078, 240107079, 240107080, 240107081, 240107082, 240107083, 240107084, 240107085, 240107086, 240107087, 240107088, 240107089, 240107090, 240107091, 240107092, 240107093, 240107094, 240107095, 240107096, 240107097, 240107098, 240107099, 240107100, 240107101, 240107103, 230107014, 230107093"
CL6030,4G1,"264107008, 264107012, 264107013, 264107014, 256107104, 256107106, 256107107, 256107110, 266107005, 266107019, 266107021, 266151008, 200107037 , 230107009, 230107010, 230107013, 230107015, 230107016, 230107017, 230107018, 230107019, 230107020, 230107021, 230107025, 230107026, 230107027, 230107045, 230107048"
CL6030,4G2,"230107049, 230107051, 230107053, 230107055, 230107056, 230107058, 230107059, 230107062, 230107064, 230107065, 230107068, 230107070 , 230107074, 230107076, 230107079, 230107081, 230107088, 230107097, 230107098, 230107100, 230107101, 230107103, 230107108, 254107003"
CS1101,1201,"260102023, 260102074, 260102084, 260102102, 260102001, 260102002, 260102003, 260102004, 260102005, 260102006, 260102007, 260102008, 260102009, 260102010, 260102011, 260102012, 260102013, 260102014, 260102015, 260102016, 260102017, 260102018, 260102019, 260102020, 260102021, 260102022, 260102024, 260102025"
CS1101,1202,"260102026, 260102027, 260102028, 260102029, 260102030, 260102031, 260102032, 260102033, 260102034, 260102035, 260102036, 260102037, 260102039, 260102040, 260102041, 260102042, 260102043, 260102044, 260102045, 260102046, 260102047, 260102048, 260102049, 260102050, 260102051, 260102052, 260102053, 260102054"
CS1101,1203,"260102055, 260102056, 260102057, 260102058, 260102059, 260102060, 260102061, 260102062, 260102063, 260102064, 260102065, 260102066, 260102067, 260102068, 260102069, 260102070, 260102071, 260102072, 260102073, 260102075, 260102076, 260102077, 260102078, 260102079, 260102080, 260102081, 260102082, 260102083, 260102085, 260102086"
CS1101,1204,"260102087, 260102088, 260102089, 260102090, 260102091, 260102092, 260102093, 260102094, 260102095, 260102096, 260102097, 260102098, 260102099, 260102100, 260102101, 260102103, 260102104, 260102105"
CS1102,2203,"260102203, 260102214, 260102238, 260102201, 260102202, 260102204, 260102205, 260102206, 260102207, 260102208, 260102209, 260102210, 260102211, 260102212, 260102213, 260102215, 260102216, 260102217, 260102218, 260102219, 260102220, 260102221, 260102222, 260102223, 260102224, 260102225, 260102226, 260102227, 260102228, 260102229, 260102230, 260102231, 260102232, 260102233, 260102234"
CS1102,2204,"260102235, 260102236, 260102237, 260102239, 260102240, 260102241, 260102242, 260102243, 260102244, 260102245, 260102246, 260102247, 260102248, 260102249, 260102250, 260102251, 260102252, 260102253, 260102254, 260102255, 260102256, 260102257, 260102258, 260102259, 260102260, 260102261"
CS1103,5401,"260103094, 260103001, 260103002, 260103003, 260103004, 260103005, 260103006, 260103007, 260103008, 260103009, 260103010, 260103011, 260103012, 260103013, 260103015, 260103016, 260103017, 260103018, 260103019, 260103020, 260103021, 260103022, 260103023, 260103024"
CS1103,5402,"260103026, 260103027, 260103028, 260103029, 260103030, 260103031, 260103032, 260103033, 260103034, 260103035, 260103036, 260103037, 260103038, 260103039, 260103040, 260103041, 260103042, 260103043, 260103045, 260103046, 260103047, 260103048, 260103049, 260103050"
CS1103,5403,"260103051, 260103052, 260103053, 260103054, 260103055, 260103056, 260103057, 260103058, 260103059, 260103060, 260103061, 260103062, 260103063, 260103064, 260103065, 260103066, 260103067, 260103068, 260103069, 260103070, 260103071, 260103072, 260103073, 260103074"
CS1103,5404,"260103075, 260103076, 260103077, 260103078, 260103079, 260103080, 260103081, 260103082, 260103083, 260103084, 260103085, 260103086, 260103087, 260103088, 260103089, 260103090, 260103091, 260103092, 260103093, 260103095, 260103096, 260103097, 260103098, 260103099"
CS1103,5405,"260103100, 260103101, 260103102, 260103103, 260103104, 260103105, 260103106, 260103107, 260103108, 260103109, 260103110, 260103111, 260103112, 260103113, 260103114, 260103115, 260103116, 260103117"
CS1104,2201,"260121001, 260121002, 260121003, 260121004, 260121005, 260121006, 260121007, 260121008, 260121009, 260121010, 260121011, 260121012, 260121013, 260121015, 260121016, 260121017, 260121018, 260121019, 260121020, 260121021, 260121022, 260121023, 260121024, 260121025, 260121026, 260121027, 260121028, 260121029, 260121030, 260121031, 260121033, 260121034, 260121035, 260121036, 260121037, 260121038, 260121039, 260121040"
CS1104,2202,"260121041, 260121042, 260121043, 260121044, 260121045, 260121046, 260121047, 260121048, 260121049, 260121050, 260121051, 260121052, 260121053, 260121054, 260121055, 260121056, 260121057, 260121058, 260121059, 260121060, 260121061, 260121062, 260121063, 260121064, 260121065, 260121066, 260121067, 220106065"
CS1109,4201,"260123052, 260123057, 260123065, 260123070, 260123001, 260123002, 260123003, 260123004, 260123005, 260123006, 260123007, 260123008, 260123009, 260123010, 260123011, 260123012, 260123013, 260123014, 260123015, 260123016, 260123017, 260123018, 260123019, 260123020, 260123021, 260123022, 260123023, 260123024"
CS1109,4202,"260123025, 260123026, 260123027, 260123028, 260123029, 260123030, 260123031, 260123032, 260123033, 260123034, 260123035, 260123036, 260123037, 260123038, 260123039, 260123040, 260123041, 260123042, 260123043, 260123044, 260123045, 260123046, 260123047, 260123048, 260123049, 260123050, 260123051, 260123053"
CS1109,4204,"260123054, 260123055, 260123058, 260123059, 260123060, 260123061, 260123062, 260123063, 260123064, 260123066, 260123067, 260123068, 260123069, 260123071, 260123072, 220122042, 220103041"
CS1110,4G1,"260150004, 260150032, 260150049, 260150001, 260150002, 260150003, 260150005, 260150006, 260150007, 260150008, 260150009, 260150010, 260150011, 260150012, 260150013, 260150014, 260150015, 260150016, 260150017, 260150018, 260150019, 260150020, 260150021, 260150022, 260150023, 260150024, 260150026, 260150027, 260150028, 260150029"
CS1110,4G2,"260150030, 260150031, 260150033, 260150034, 260150035, 260150036, 260150037, 260150038, 260150039, 260150040, 260150041, 260150042, 260150043, 260150044, 260150045, 260150046, 260150047, 260150048, 260150050, 260150051, 260150052, 260150053, 260150054, 260150055, 260150056, 260150057, 260150058, 260150059, 260150060"
CS1115,5001,"260101009, 260101030, 260101040, 260101048, 260101081, 260101104, 260101001, 260101002, 260101003, 260101004, 260101005, 260101006, 260101007, 260101008, 260101010, 260101011, 260101012, 260101013, 260101014, 260101015, 260101016, 260101017, 260101018, 260101019, 260101020"
CS1115,5002,"260101021, 260101022, 260101023, 260101024, 260101025, 260101026, 260101027, 260101028, 260101029, 260101031, 260101032, 260101033, 260101034, 260101035, 260101036, 260101037, 260101038, 260101039, 260101041, 260101042, 260101043, 260101044, 260101045, 260101046, 260101047"
CS1115,5003,"260101049, 260101050, 260101051, 260101052, 260101053, 260101054, 260101055, 260101056, 260101057, 260101058, 260101059, 260101060, 260101061, 260101062, 260101063, 260101064, 260101065, 260101066, 260101067, 260101068, 260101069, 260101070, 260101071, 260101072, 260101073"
CS1115,5004,"260101074, 260101075, 260101076, 260101077, 260101078, 260101079, 260101080, 260101082, 260101083, 260101084, 260101085, 260101086, 260101087, 260101088, 260101089, 260101090, 260101091, 260101092, 260101093, 260101094, 260101095, 260101096, 260101097, 260101098, 260101099"
CS1115,5005,"260101100, 260101101, 260101102, 260101103, 260101105, 260101106, 260101107, 260101108, 260101109, 260101110, 260101111, 260101112, 260101113, 260101114, 260101115, 230101076 , 240101058, 240101047, 220101105, 240101011, 240101032, 240101055, 240101076, 250101069, 250101107"
CS5187,2202,"264101003, 264101029, 266101003, 230101004, 230101005, 230101113, 240101003, 240101104, 220101001, 230101001, 230101002, 230101010, 230101011, 230101015, 230101017, 230101020, 230101021, 230101026, 230101027, 230101028, 230101029, 230101030, 230101034, 230101035, 230101038, 230101040, 230101050, 230101051"
CS5187,2204,"230101052, 230101055, 230101056, 230101062, 230101072, 230101078, 230101082, 230101091, 230101093, 230101102, 230101103, 230101107, 230101108, 230101116, 230101118, 230101123, 240101001, 240101007, 240101009, 240101013, 240101014, 240101016, 240101020, 240101022, 240101027, 240101035, 240101039, 240101040"
CS5187,2203,"240101048, 240101052, 240101053, 240101055, 240101059, 240101060, 240101061, 240101062, 240101063, 240101065, 240101066, 240101069, 240101086, 240101088, 240101089, 240101090, 240101091, 240101093, 240101096, 240101100, 240101102, 240101110, 240101115, 240101117, 240101121, 240101125, 220101037, 220101081, 206101105, 256101011"
CS5290,4201,"264101032, 264101035, 264101061, 264101064, 266101005, 266101007, 266101013, 266102012, 230101024, 230101025, 230101031, 230101033, 230101041, 230101042, 230101043, 230101047, 230101048, 230101054, 230101058, 230101060, 230101065, 230101070, 230101074, 230101079, 230101083, 230101084, 230101088, 230101089, 230101092, 230101097"
CS5290,4202,"230101098, 230101099, 230101104, 230101110, 230101125, 230122024, 240101017, 240101018, 240101019, 240101031, 240101044, 240101057, 240101067, 240101068, 240101080, 240101081, 240101083, 240101087, 240101097, 240101105, 240101111, 240101116, 240101120, 240101122, 220101105, 256101001, 256101007, 256101015 , 256101017"
CS6198,5305,"264101009, 264101014, 264101018, 264101019, 264101021, 264101022, 264101023, 264101037, 264101044, 264101045, 264101047, 264101048, 264101057, 264101058, 264101059, 264101062, 264101063, 264101065, 266101008, 256101020, 256101021, 256101010"
DA3021,5403,"230103043, 230121025, 240150001, 240150002, 240150003, 240150004, 240150005, 240150006, 240150007, 240150008, 240150009, 240150010, 240150012, 240150013, 240150014, 240150015, 240150016, 240150018, 240150019, 240150020, 240150021, 240150022, 240150023, 240150024, 240150025"
DA3021,5404,"240150026, 240150027, 240150029, 240150030, 240150031, 240150032, 240150033, 240150035, 240150036, 240150037, 240150038, 240150040, 240150041, 240150042, 240150043, 240150044, 240150045, 240150046, 240150047, 240150048, 240150049"
DD5501,3202,"256103110, 266105001, 266105002, 266105004, 266105006, 266105010, 266105013, 266105017, 230205050, 230205003, 230205005, 230205006, 230205021, 230205035, 254205025, 254205030, 254205104, 254205105, 254205106, 254205107, 254205114, 254205116, 254205117, 254205119, 254205122, 254205126, 256105104, 256105009"
EE3000,5301,"240102019, 240102098, 240102250, 240102001, 240102002, 240102003, 240102004, 240102005, 240102006, 240102007, 240102008, 240102009, 240102010, 240102011, 240102012, 240102013, 240102014, 240102015, 240102016, 240102017, 240102018, 240102020, 240102021, 240102022, 240102023, 240102024, 240102025"
EE3000,5302,"240102027, 240102028, 240102029, 240102031, 240102032, 240102033, 240102034, 240102036, 240102037, 240102038, 240102039, 240102040, 240102041, 240102042, 240102043, 240102044, 240102045, 240102046, 240102047, 240102048, 240102049, 240102050, 240102051, 240102052, 240102053, 240102055, 240102057"
EE3000,5303,"240102058, 240102059, 240102060, 240102061, 240102062, 240102063, 240102064, 240102065, 240102066, 240102067, 240102068, 240102069, 240102070, 240102071, 240102074, 240102075, 240102076, 240102078, 240102079, 240102080, 240102081, 240102082, 240102083, 240102084, 240102085, 240102086, 240102087"
EE3000,5304,"240102089, 240102090, 240102091, 240102092, 240102093, 240102094, 240102095, 240102099, 240102100, 240102101, 240102102, 240102103, 240102104, 240102105, 240102106, 240102107, 240102108, 240102109, 240102110, 240102111, 240102112, 240102113, 240102114, 240102115, 240102116, 240102117, 240102118"
EE3000,5305,"240102119, 240102120, 240102121, 240102122, 240102123, 240102124, 240102125, 240102126, 240102201, 240102202, 240102203, 240102206, 240102207, 240102208, 240102209, 240102210, 240102211, 240102212, 240102213, 240102214, 240102215, 240102216, 240102217, 240102220, 240102221, 240102223, 240102224"
EE3000,5306,"240102225, 240102226, 240102227, 240102228, 240102229, 240102230, 240102231, 240102232, 240102233, 240102234, 240102235, 240102237, 240102238, 240102239, 240102240, 240102241, 240102242, 240102243, 240102244, 240102245, 240102246, 240102247, 240102249, 240102251, 240102252, 240102257, 240102258"
EE3000,5406,"240102259, 240102260, 240102261, 240102262, 240102263, 240102264, 240102265, 240102266, 240102267, 240102268, 240102269, 240102270, 240102271, 240102272, 240102273, 240102274, 240102275, 240102276, 240102277, 240102278, 240102279"
EE5031,3202,"230102077, 230102004, 230102019, 230102021, 230102030, 230102047, 230102052, 230102060, 230102064, 230102074, 230102078, 230102088, 230102089, 230102091, 230102096, 230102099, 230102101, 230102102, 230102105, 230102107, 230102123, 230108002, 230108007, 230108014, 230108016, 230108020, 230108028, 230108038, 230108039, 230108040, 230108051, 230108063, 230108070, 220102019, 256102001, 256102019"
EE5134,5405,"264102101, 264102102, 264102103, 264102104, 264102105, 264102106, 264102107, 264102108, 264102109, 264102110, 264102111, 264102112, 264102113, 264102114, 264102115, 264102502, 264102503, 264102504, 264102505, 264102506, 264102507, 264102508, 264102509, 264102510"
EE5134,5406,"266102002, 266102016, 266102025, 266102027, 266102029, 266102031, 230108003, 230108009, 230108011, 230108012, 230108013, 230108035, 230108044, 230108046, 230108053, 254102108, 254102504"
EE5235,5401,"230102013, 230102050, 230102079, 230102001, 230102005, 230102008, 230102011, 230102012, 230102016, 230102020, 230102023, 230102028, 230102031, 230102034, 230102035, 230102036, 230102037, 230102039, 230102040, 230102055, 230102056, 230102059, 230102061, 230102062, 230102068, 230102069, 230102070"
EE5235,5402,"230102071, 230102072, 230102080, 230102082, 230102095, 230102097, 230102100, 230102110, 230102115, 230102116, 230102124, 230108008, 230108018, 230108029, 230108037, 230108047, 230108056, 230108061, 230108066, 230108069, 230108072, 230108075, 230108080"
EE5440,5304,"266102022, 230102002, 230102049, 230102075, 230102081"
EN1101,5306,"260151001, 260151002, 260151003, 260151004, 260151005, 260151006, 260151007, 260151008, 260151009, 260151010, 260151011, 260151012, 260151013, 260151014, 260151015, 260151016, 260151017, 260151018, 260151019"
EN3101,5401,"240151001, 240151002, 240151003, 240151004, 240151005, 240151006, 240151007, 240151008, 240151009, 240151010, 240151011, 240151012, 240151013, 240151014, 240151015, 240151016, 240151018, 240151020"
HS5001,5404,"254106009, 230205038, 254103110, 254103212, 252241101, 252241102, 252241103, 252241104, 252241106, 252241108, 252241109, 252241110, 252241111, 252241112, 252241113"
HS5206,3202,"252241001, 252241002, 252241003, 252241004, 252241005, 252241006, 252241007, 252241008, 252241010, 252241011, 252241012, 252241013, 252241014, 252241016, 252241017, 252241019, 252241021, 252241023, 252241025, 252241026, 252241027, 252241028, 252241029, 252241032, 252241034, 252241036, 252241037, 252241038, 252241039, 252241040, 252241041, 252241042, 252241043"
HS7033,5302,"266141007, 266141013"
HT1101,5006,"260359001, 260359002, 260359003, 260359004, 260359005, 260359006, 260359007, 260359008, 260359009, 260359010, 260359011, 260359012, 260359014, 260359015, 260359016, 260359017, 260359018, 260359019, 260359020, 260359021, 260359022"
HT2301H,5402,"250359001, 250359002, 250359003, 250359004, 250359005, 250359006, 250359009, 250359010, 250359011, 250359013, 250359015, 250359016, 250359018, 250359019, 250359020, 250359021, 250359022, 250359023"
MA3972,2202,"240123045, 240123001, 240123002, 240123003, 240123004, 240123005, 240123006, 240123007, 240123008, 240123009, 240123010, 240123011, 240123012, 240123013, 240123014, 240123015, 240123016, 240123017, 240123018, 240123019, 240123020, 240123021, 240123022, 240123023, 240123024, 240123025, 240123026, 240123027"
MA3972,2204,"240123028, 240123029, 240123030, 240123031, 240123032, 240123033, 240123034, 240123035, 240123036, 240123037, 240123038, 240123039, 240123040, 240123041, 240123042, 240123043, 240123044, 240123046, 240123047, 240123048, 240123049, 240123050, 240123051, 240123052, 240123053, 240123054, 240123055, 240123056"
MA3972,2201,"240123057, 240123058, 240123059, 240123060, 240123061, 240123062, 240123063, 240123064, 240123065, 240123066, 240123067, 240123068, 240123069, 240123070, 240123071, 240123072, 240123073, 240123074, 240123075, 240123076, 240123077, 240123078, 240123079, 230123027, 230123055, 246153002"
MA4125,2203,"252123005, 252123117, 252123001, 252123002, 252123003, 252123004, 252123006, 252123007, 252123008, 252123009, 252123010, 252123011, 252123012, 252123013, 252123014, 252123015, 252123016, 252123017, 252123018, 252123019, 252123020, 252123021, 252123022, 252123023, 252123024, 252123025, 252123026, 252123027, 252123028, 252123030, 252123101, 252123102, 252123103, 252123104, 252123106"
MA4125,2204,"252123107, 252123108, 252123109, 252123110, 252123111, 252123112, 252123113, 252123114, 252123115, 252123116, 252123118, 252123119, 252123120, 252123121, 252123122, 252123123, 252123124, 252123125, 252123126, 252123127, 252123128, 252123129, 252123130, 242123130"
MA6001,5303,"266123001, 266123002, 266123003, 266123004, 266123007, 266123008, 266123009, 266123010, 266123011, 266123012, 266123013, 266123015, 266123016, 266123017"
ME3101,1201,"240103051, 240103001, 240103002, 240103003, 240103004, 240103005, 240103006, 240103007, 240103008, 240103009, 240103010, 240103011, 240103012, 240103013, 240103015, 240103017, 240103018, 240103019, 240103020, 240103022, 240103023, 240103024, 240103025, 240103027, 240103028, 240103029, 240103031, 240103032"
ME3101,1202,"240103033, 240103034, 240103035, 240103036, 240103037, 240103038, 240103039, 240103040, 240103041, 240103042, 240103045, 240103046, 240103047, 240103048, 240103049, 240103050, 240103052, 240103053, 240103054, 240103055, 240103056, 240103057, 240103058, 240103059, 240103060, 240103061, 240103062, 240103063"
ME3101,1203,"240103065, 240103066, 240103067, 240103068, 240103069, 240103070, 240103071, 240103072, 240103073, 240103075, 240103076, 240103078, 240103079, 240103080, 240103081, 240103082, 240103083, 240103084, 240103085, 240103086, 240103089, 240103090, 240103092, 240103093, 240103094, 240103097, 240103098, 240103099"
ME3101,1204,"240103100, 240103101, 240103102, 240103103, 240103104, 240103108, 240103109, 240103110, 240103111, 240103112, 240103113, 240103115, 240103117, 240103118, 240103120, 240103121, 240103122, 240103123, 240103124, 240103125, 230103047, 230103068"
ME5520,3202,"264103301, 264103302, 264103303, 264103304, 264103305, 264103306, 264103308, 264103309, 264103310, 264103311, 264103312, 264103313, 264103314, 264103315, 264103316, 264103317, 264103318, 264103319, 264103320, 264103321, 264103322, 264103323, 264103324, 264103325, 264103326, 264103327, 264103328, 264103329, 264103330, 264103331, 264103332, 264103333, 256103104, 256103107, 266103003, 266103009, 266103016"
ME5531,5301,"264103101, 264103104, 264103107, 264103110, 264103112, 264103201, 264103208, 264103221, 264103401, 264103402, 264103403, 264103404, 264103405, 264103406, 264103407, 264103408, 264103409, 264103410, 264103411, 264103412, 264103413, 264103414, 264103415, 264103416"
ME5531,5302,"264103417, 264103418, 264103419, 264103420, 264103421, 264103422, 264103424, 264103425, 264103426, 264103427, 264103428, 264103429, 264103431, 264103432, 264103433, 264103434, 264103435, 264103436, 264103437, 264103438, 264103439, 264103440, 230103004, 230103007"
ME5531,5303,"230103010, 230103011, 230103012, 230103014, 230103015, 230103021, 230103023, 230103024, 230103026, 230103029, 230103031, 230103035, 230103036, 230103037, 230103040, 230103041, 230103042, 230103045, 230103046, 230103052, 230103053, 230103055, 230103067, 230103073"
ME5531,5304,"230103076, 230103078, 230103079, 230103091, 230103092, 230103095, 230103099, 230103100, 230103108, 230103109, 230103113, 230103116, 230103121"
ME5551,5305,"264103001, 264103002, 264103003, 264103004, 264103005, 264103006, 264103007, 264103008, 264103009, 264103010, 264103011, 230103048, 230103084, 230103098, 230103101, 230103122"
PH3010,4G1,"240121001, 240121003, 240121006, 240121007, 240121009, 240121010, 240121011, 240121012, 240121014, 240121015, 240121016, 240121017, 240121019, 240121020, 240121021, 240121022, 240121023, 240121024, 240121025, 240121026, 240121027, 240121028, 240121030, 240121031, 240121032, 240121033, 240121034, 240121036, 240121037"
PH3010,4G2,"240121038, 240121039, 240121040, 240121041, 240121042, 240121043, 240121044, 240121045, 240121046, 240121047, 240121048, 240121049, 240121053, 240121054, 240121055, 240121056, 240121057, 240121058, 240121060, 240121062, 240121063, 240121064, 240121065, 240121066, 240121067, 240121068, 220121045"
PH4101,4G1,"266121008, 252121001, 252121002, 252121003, 252121004, 252121005, 252121006, 252121007, 252121008, 252121009, 252121010, 252121011, 252121012, 252121013, 252121015, 252121016, 252121017, 252121018, 252121019, 252121020, 252121021, 252121022, 252121023, 252121024, 252121025, 252121027, 252121028, 252121029, 252121030, 252121031"
PH4101,4G2,"252121032, 252121033, 252121034, 252121035, 252121036, 252121037, 252121038, 252121039, 252121040, 252121041, 252121042, 252121043, 252121044, 252121045, 252121046, 252121047, 252121049, 252121050, 252121051, 252121052, 252121053, 252121055, 252121056, 252121057, 252121058, 242121039, 242121049"
BM5101H,3202,"264024001, 264024003, 264024004, 264024005, 264024006, 264024008, 264024009, 264024010, 264024011, 264024012, 264024013, 264024014, 264024016, 264024017, 264024018, 264024019, 264024020, 264024021, 264024022, 264024023, 264024024, 264024025, 264024026, 264024027, 266124001, 266124002, 266124003, 266124005, 266124008"
BT2151H,1201,"250103001, 250103002, 250103003, 250103004, 250103005, 250103006, 250103007, 250103009, 250103010, 250103011, 250103012, 250103013, 250103014, 250103015, 250103016, 250103018, 250103019, 250103020, 250103021, 250103022, 250103023, 250103024, 250103025, 250103026, 250103027, 250103028, 250103030, 250103031, 250103032, 250103033"
BT2151H,1202,"250103034, 250103035, 250103036, 250103037, 250103038, 250103039, 250103040, 250103041, 250103042, 250103044, 250103045, 250103046, 250103047, 250103048, 250103049, 250103050, 250103051, 250103052, 250103053, 250103054, 250103055, 250103056, 250103057, 250103058, 250103059, 250103060, 250103061, 250103063, 250103064, 250103065"
BT2151H,1203,"250103066, 250103067, 250103068, 250103069, 250103070, 250103071, 250103072, 250103073, 250103074, 250103075, 250103076, 250103077, 250103078, 250103079, 250103080, 250103081, 250103082, 250103083, 250103084, 250103085, 250103086, 250103087, 250103088, 250103089, 250103090, 250103091, 250103092, 250103093, 250103094, 250103095"
BT2151H,1204,"250103096, 250103097, 250103098, 250103099, 250103100, 250103101, 250103102, 250103103, 250103104, 250103105, 250103106, 250103107, 250103108, 250103109, 250103110, 250103111, 250103112, 250103113, 250103114, 250103115, 250103116, 250103117, 250103118, 250103119, 250103120"
BT4408,2201,"230101044, 230106001, 230106002, 230106003, 230106005, 230106007, 230106008, 230106009, 230106010, 230106011, 230106012, 230106014, 230106015, 230106017, 230106018, 230106019, 230106020, 230106021, 230106022, 230106024, 230106027, 230106028, 230106029, 230106030, 230106031, 230106032, 230106035, 230106036, 230106038, 230106040, 230106041, 230106042, 230106043, 230106044, 230106045"
BT4408,2203,"230106046, 230106047, 230106049, 230106050, 230106051, 230106052, 230106053, 230106055, 230106056, 230106058, 230106059, 230106060, 230106061, 230106063, 230106065, 230106067, 230106068, 230106069, 230106070, 230106071, 230106073, 230106074, 230106075, 230106076, 230106077, 230106078, 230106079, 230106081, 230106082, 230106083, 230106084, 220106049"
BT5101,4201,"264106001, 264106002, 264106003, 264106004, 264106005, 264106006, 264106007, 264106008, 264106009, 264106010, 264106011, 264106012, 264106013, 264106014, 264106015, 264106016, 264106017, 264106018, 264106019, 264106020, 264106021, 264106022, 264106025, 264106026, 264106027, 264106028, 264106029, 264106030, 264106031, 264106032"
BT5101,4202,"264106033, 264106034, 264106035, 264106036, 264106037, 264106038, 264106039, 264106040, 264106041, 264106042, 264106043, 264106044, 264106101, 264106102, 264106103, 264106104, 264106105, 264106106, 264106107, 264106108, 264106109, 264106110, 256107107, 266106001, 266106002, 266106003, 266106004, 266106009, 266106011, 266106012"
BT5101,4204,"266106013, 266106014, 266106016, 266106017, 266106018, 266106019, 266106020, 266106021, 266106023, 266106025, 266106027, 266106028, 266106029, 266106031, 266106032, 266106035, 266106036, 266106038, 266106040, 266106042, 266107015, 256102002, 226106028"
CE5001,5002,"264104401, 264104402, 264104403, 264104404, 264104405, 264104406, 264104407, 264104408, 264104409, 264104410, 264104411, 264104412, 264104413, 264104414, 264104415, 264104416, 264104417, 264104418, 264104419, 264104420, 264104421, 264104422, 264104423, 264104424, 264104425, 266104004, 266104011, 266104017, 266104024"
CE5041,5305,"264104309, 264104301, 264104302, 264104303, 264104304, 264104305, 264104306, 264104307, 264104308, 266104010, 266104006"
CH4151,2203,"262122035, 262122001, 262122002, 262122003, 262122004, 262122005, 262122006, 262122007, 262122008, 262122009, 262122010, 262122011, 262122012, 262122013, 262122014, 262122015, 262122016, 262122017, 262122018, 262122019, 262122020, 262122021, 262122022, 262122023, 262122024, 262122025, 262122026, 262122027, 262122028, 262122029, 262122030, 262122031, 262122032, 262122033, 262122034"
CH4151,2204,"262122036, 262122037, 262122038, 262122039, 262122040, 262122041, 262122042, 262122043, 262122044, 262122045, 262122046, 262122047, 262122048, 262122049, 262122050, 262122051, 262122052, 262122053, 262122054, 262122055, 262122056, 262122057, 262122058, 262122059"
CH5151,4201,"252122022, 252122001, 252122002, 252122003, 252122004, 252122005, 252122006, 252122008, 252122009, 252122010, 252122011, 252122012, 252122013, 252122014, 252122015, 252122016, 252122017, 252122018, 252122019, 252122020, 252122021, 252122023, 252122024, 252122025, 252122026, 252122027, 252122028, 252122029, 252122030, 252122031"
CH5151,4202,"252122032, 252122033, 252122034, 252122035, 252122036, 252122037, 252122038, 252122039, 252122040, 252122041, 252122042, 252122043, 252122044, 252122045, 252122046, 252122047, 252122048, 252122049, 252122050, 252122051, 252122052, 252122053, 252122054, 252122055, 252122056, 252122057, 252122058, 252122059, 252122060"
CL5202,3202,"264107101, 264107102, 264107103, 264107104, 264107105, 264107106, 264107107, 264107108, 264107109, 264107110, 264107111, 264107112, 264107113, 264107114, 264107115, 264107116, 264107117, 264107118, 264107119, 264107120, 264107121, 264107122, 264107123, 264107124, 264107125, 264107126, 264107127, 264107128, 264107129"
CL5203,3101,"266107001, 264107001, 264107002, 264107003, 264107004, 264107005, 264107006, 264107007, 264107008, 264107009, 264107010, 264107011, 264107012, 264107013, 264107014, 264107015, 256107102, 256107104, 256107105, 256107106, 256107108, 256107109, 256107111, 256107113, 256152102"
CL5203,3102,"266107002, 266107003, 266107005, 266107006, 266107007, 266107009, 266107010, 266107011, 266107013, 266107014, 266107016, 266107017, 266107020, 266107021, 266107022, 266151009, 266152003, 266153006, 266159004, 266159006, 266159008, 266159010"
CL6045,5401,"264107201, 264107202, 264107203, 264107205, 264107206, 264107207, 264107208, 264107209, 266151007"
CS2001,1201,"250101056, 250101063, 250101089, 250101100, 250101001, 250101002, 250101003, 250101004, 250101005, 250101006, 250101007, 250101008, 250101009, 250101010, 250101011, 250101012, 250101013, 250101014, 250101015, 250101016, 250101017, 250101018, 250101019, 250101020, 250101021, 250101022, 250101023, 250101024, 250101025, 250101026"
CS2001,1202,"250101027, 250101028, 250101029, 250101030, 250101031, 250101032, 250101033, 250101034, 250101035, 250101037, 250101038, 250101040, 250101041, 250101042, 250101043, 250101044, 250101045, 250101046, 250101047, 250101048, 250101049, 250101050, 250101051, 250101053, 250101054, 250101055, 250101057, 250101058, 250101059, 250101060"
CS2001,1203,"250101061, 250101062, 250101064, 250101065, 250101066, 250101067, 250101068, 250101069, 250101070, 250101071, 250101072, 250101073, 250101074, 250101075, 250101076, 250101077, 250101078, 250101079, 250101080, 250101081, 250101082, 250101083, 250101084, 250101085, 250101086, 250101087, 250101088, 250101090, 250101091, 250101092"
CS2001,1204,"250101093, 250101094, 250101095, 250101096, 250101097, 250101098, 250101099, 250101101, 250101102, 250101103, 250101104, 250101105, 250101106, 250101109, 250101110, 250101111, 250101112, 250101113, 250101114, 250101115, 250101116"
CS4302M,5003,"230102010, 230102015, 230102026, 230102027, 230102045, 230102075, 230102085, 230102091, 230102106, 230102108, 230102111, 230102112, 230102114, 230102116, 230102118, 230102119, 230102121, 230102124, 230102126, 230103112, 230107016, 230108007, 230108055, 230108063, 230108065"
CS4302M,5004,"230108067, 230108069, 230108070, 230108071, 230108072, 230108074, 230108075, 230108076, 230108077, 230108078, 230121016, 230121032, 230150007, 230150028, 230150031, 230150032, 230150033, 230150034"
CS5003,2201,"264101001, 264101002, 264101003, 264101004, 264101005, 264101006, 264101007, 264101008, 264101009, 264101010, 264101011, 264101012, 264101014, 264101015, 264101016, 264101017, 264101018, 264101019, 264101020, 264101021, 264101022, 264101023, 264101024, 264101025, 264101026, 264101027, 264101028, 264101029, 264101030, 264101031, 264101032, 264101033, 264101034, 264101035, 264101036"
CS5003,2203,"264101037, 264101038, 264101039, 264101040, 264101041, 264101043, 264101044, 264101045, 264101046, 264101047, 264101048, 264101049, 264101050, 264101051, 264101052, 264101053, 264101054, 264101055, 264101056, 264101057, 264101058, 264101059, 264101060, 264101061, 264101062, 264101063, 264101064, 264101065, 264101066, 264101067, 264101068, 264101069"
CS5005,5306,"266101003, 266101004, 266101006, 266101007, 266101011, 266101014, 266101015, 266123005, 266123014, 256101011"
DA4091M,1205,"230102072, 230102073, 230102096, 230102109, 230102113, 230102115, 230102117, 230102122, 230102125, 230108002, 230108026, 230108064, 230108066, 230121038, 230123039, 230123041, 230123046, 230123049, 230123052, 230123057, 230123061, 230123074, 230123077, 230123082, 216101102"
DD1101S,2202,"260205007, 260205032, 260205001, 260205002, 260205003, 260205004, 260205005, 260205006, 260205008, 260205009, 260205010, 260205011, 260205012, 260205013, 260205014, 260205015, 260205016, 260205017, 260205018, 260205019, 260205020, 260205021, 260205022, 260205023, 260205024, 260205025, 260205026, 260205027, 260205028, 260205029"
DD1101S,2204,"260205030, 260205031, 260205033, 260205034, 260205035, 260205036, 260205037, 260205038, 260205039, 260205040, 260205041, 260205042, 260205043, 260205044, 260205045, 260205046, 260205047, 260205048, 260205049, 260205050, 260205051, 260205052, 260205054, 260205055, 260205056"
DD2103,4G1,"250205036, 250205001, 250205003, 250205004, 250205005, 250205007, 250205008, 250205009, 250205010, 250205011, 250205012, 250205013, 250205014, 250205015, 250205016, 250205017, 250205018, 250205019, 250205020, 250205021, 250205022, 250205023, 250205025, 250205026, 250205027, 250205029, 250205030, 250205031, 250205032, 250205033"
DD2103,4G2,"250205034, 250205035, 250205037, 250205038, 250205039, 250205040, 250205041, 250205042, 250205043, 250205044, 250205045, 250205046, 250205047, 250205048, 250205049, 250205050, 250205052, 250205053, 250205054, 250205055, 250205056"
DD3301,2202,"240205038, 240205039, 240205001, 240205002, 240205003, 240205004, 240205005, 240205006, 240205007, 240205008, 240205009, 240205010, 240205011, 240205012, 240205013, 240205014, 240205015, 240205016, 240205017, 240205018, 240205019, 240205020, 240205021, 240205022, 240205023, 240205024, 240205025, 240205026, 240205027, 240205028"
DD3301,2204,"240205029, 240205030, 240205031, 240205032, 240205033, 240205034, 240205035, 240205036, 240205037, 240205040, 240205041, 240205042, 240205044, 240205045, 240205046, 240205047, 240205048, 240205049, 240205050, 240205051, 240205052, 240205053, 240205054, 240205055, 240205056, 240205057"
DD4101M,5402,"230103006, 230103040, 230104036, 230104072, 230106048, 230107103, 230150003"
DD4301,4G1,"230205050, 230205001, 230205002, 230205003, 230205004, 230205005, 230205006, 230205007, 230205008, 230205009, 230205010, 230205011, 230205012, 230205013, 230205014, 230205015, 230205016, 230205017, 230205018, 230205019, 230205020, 230205021, 230205022, 230205023, 230205024, 230205026, 230205027, 230205028"
DD4301,4G2,"230205029, 230205030, 230205031, 230205032, 230205033, 230205034, 230205035, 230205036, 230205037, 230205038, 230205039, 230205040, 230205041, 230205042, 230205043, 230205044, 230205045, 230205046, 230205047, 230205048, 230205049, 230205051, 230205052, 230205053, 230205054, 230205055, 230205056"
DD5101,5403,"264205029, 264205001, 264205002, 264205003, 264205004, 264205005, 264205006, 264205007, 264205008, 264205009, 264205010, 264205011, 264205012, 264205013, 264205014, 264205015, 264205016, 264205017, 264205018, 264205019, 264205020, 264205021"
DD5101,5404,"264205022, 264205023, 264205024, 264205025, 264205026, 264205027, 264205028, 264205030, 264205031, 264205032, 264205033, 256105103, 266105014, 266105016, 226105102, 256105001, 256105009"
EE3092M,1205,"230101122, 230103009, 230103018, 230103022, 230103056, 230103062, 230103063, 230103069, 230103117, 230103129, 230104021, 230104023, 230104031, 230104090, 230104107, 230107020, 230107074, 230107102, 230121012, 230121015, 230121020, 230121037, 230121049, 230121060, 230123073"
EE5000,5001,"264102001, 264102002, 264102004, 264102005, 264102006, 264102007, 264102008, 264102009, 264102010, 264102011, 264102012, 264102013, 264102014, 264102016, 264102017, 264102018, 264102019, 264102020, 256102101, 266102001, 266102008, 266102019, 266102030, 266102032"
EE5100,1205,"264102101, 264102102, 264102103, 264102104, 264102105, 264102106, 264102107, 264102108, 264102109, 264102110, 264102111, 264102112, 264102113, 264102114, 264102115, 266102002, 266102025, 266102027, 266102031, 266151003, 266151008, 240121011"
EE5300,3202,"264102301, 264102302, 264102303, 264102304, 264102305, 264102306, 264102307, 264102308, 264102309, 264102310, 264102311, 264102312, 264102313, 264102314, 264102315, 264102316, 264102317, 264102318, 264102319, 264102320, 264102321, 256102103, 256102105, 266102024, 266102033, 230102030, 256102001"
EE5400,3202,"264102417, 264102201, 264102203, 264102204, 264102205, 264102206, 264102207, 264102208, 264102210, 264102401, 264102402, 264102403, 264102404, 264102405, 264102406, 264102407, 264102408, 264102409, 264102410, 264102411, 264102412, 264102413, 264102414, 264102415, 264102416, 264102418, 264102419, 264102420, 266102004, 266102012, 266102014, 266102026, 266102034"
FT6016,3102,"264162001, 264162002, 264162003, 264162004, 264162005"
HS4001,2202,"262241001, 262241002, 262241003, 262241004, 262241005, 262241006, 262241007, 262241008, 262241009, 262241010, 262241011, 262241012, 262241013, 262241014, 262241015, 262241016, 262241017, 262241018, 262241019, 262241021, 262241022, 262241024, 262241025, 262241026, 262241027, 262241028, 262241029, 262241030"
HS4001,2204,"262241031, 262241032, 262241034, 262241035, 262241036, 262241037, 262241038, 262241039, 262241040, 262241041, 262241042, 262241043, 262241044, 262241045, 262241046, 262241047, 262241048, 262241049, 262241051, 262241052, 262241053, 262241054, 262241055, 262241102, 262241103, 262241104, 262241105, 262241107"
HS4918M,5406,"230101070, 230103048"
HS7025,5406,266141004
HS7032,5405,256155101
HT5001,5301,"264159001, 264159002, 264159003, 264159004, 264159005, 264159006, 264159007, 264159008, 264159009, 264159010, 264159011, 264159012, 264159013, 264159014, 264159015, 264159016, 264159017, 264159019, 264159101, 264159102"
HT5001,5302,"264159103, 264159104, 264159105, 264159106, 264159107, 264159108, 264159109, 264159110, 264159111, 264159112, 264159113, 264159114, 264159115, 264159117, 264159119, 264159120, 266159002, 266159005"
MA2302H,5401,"250102016, 250102028, 250102055, 250102065, 250102082, 250102090, 250102001, 250102002, 250102003, 250102004, 250102005, 250102006, 250102007, 250102008, 250102009, 250102010, 250102011, 250102012, 250102013, 250102014, 250102015, 250102017, 250102018, 250102019, 250102020, 250102021, 250102022"
MA2302H,5402,"250102023, 250102024, 250102025, 250102026, 250102027, 250102029, 250102030, 250102031, 250102032, 250102033, 250102034, 250102035, 250102036, 250102037, 250102038, 250102039, 250102040, 250102041, 250102042, 250102043, 250102044, 250102045, 250102046, 250102047, 250102048, 250102049, 250102050"
MA2302H,5403,"250102051, 250102052, 250102053, 250102054, 250102056, 250102057, 250102058, 250102059, 250102060, 250102061, 250102062, 250102063, 250102064, 250102066, 250102067, 250102068, 250102069, 250102070, 250102071, 250102072, 250102073, 250102074, 250102075, 250102076, 250102077, 250102078, 250102080"
MA2302H,5404,"250102081, 250102083, 250102084, 250102085, 250102086, 250102087, 250102088, 250102089, 250102091, 250102092, 250102094, 250102095, 250102096, 250102097, 250102098, 250102099, 250102100, 250102101, 250102103, 250102104, 250102106, 250102107, 250102108, 250102093"
MA2304H,5301,"230104017, 250104001, 250104003, 250104004, 250104005, 250104007, 250104008, 250104009, 250104010, 250104011, 250104012, 250104013, 250104014, 250104015, 250104016, 250104017, 250104018, 250104019, 250104020, 250104021, 250104022, 250104023, 250104024, 250104025"
MA2304H,5302,"250104026, 250104027, 250104028, 250104029, 250104030, 250104031, 250104032, 250104033, 250104034, 250104035, 250104036, 250104037, 250104038, 250104039, 250104040, 250104041, 250104042, 250104043, 250104044, 250104045, 250104046, 250104047, 250104048, 250104049"
MA2304H,5303,"250104050, 250104051, 250104052, 250104053, 250104054, 250104055, 250104056, 250104057, 250104058, 250104059, 250104060, 250104061, 250104062, 250104063, 250104064, 250104065, 250104066, 250104067, 250104068, 250104069, 250104070, 250104071, 250104072, 250104073"
MA2304H,5304,"250104074, 250104075, 250104076, 250104077, 250104078, 250104079, 250104080, 250104081, 250104082, 250104083, 250104084, 250104085, 250104086, 250104087, 250104088, 250104089, 250104090, 250104091, 250104092, 250104093, 250104094, 250104095, 250104096, 250104097"
MA2304H,5305,"250104098, 250104099, 250104100, 250104101, 250104102, 250104103, 250104104, 250104105, 250104106, 250104107, 250104108, 250104109, 250104110, 250104111, 250104112, 250104113, 250104114, 250104115, 250104116, 250104117"
MA2305H,5405,"250106001, 250106002, 250106003, 250106004, 250106007, 250106008, 250106009, 250106010, 250106011, 250106012, 250106013, 250106014, 250106015, 250106016, 250106017, 250106019, 250106020, 250106021, 250106023, 250106024, 250106025, 250106026, 250106027, 250106028, 250106029"
MA2305H,5406,"250106030, 250106032, 250106033, 250106034, 250106035, 250106036, 250106037, 250106038, 250106039, 250106040, 250106041, 250106042, 250106044, 250106045, 250106046, 250106047, 250106048, 250106050, 250106051, 250106052, 250106053, 250106054, 250106055, 250106056, 250106057"
MA2305H,5306,"250106058, 250106059, 250106060, 250106061, 250106062, 250106064, 250106065, 250106066, 250106067, 250106068, 250106069, 250106070, 250106071, 250106072, 250106073, 250106074, 250106075, 250106076, 250106077, 250106078, 250106079, 230106064"
MA2306H,1201,"250107038, 250107001, 250107002, 250107003, 250107004, 250107006, 250107007, 250107008, 250107009, 250107010, 250107011, 250107012, 250107013, 250107014, 250107015, 250107016, 250107017, 250107018, 250107019, 250107020, 250107021, 250107022, 250107023, 250107024, 250107025, 250107026, 250107027, 250107028, 250107029, 250107030"
MA2306H,1202,"250107031, 250107032, 250107033, 250107034, 250107035, 250107036, 250107037, 250107039, 250107040, 250107041, 250107042, 250107043, 250107044, 250107045, 250107046, 250107047, 250107048, 250107049, 250107050, 250107051, 250107052, 250107053, 250107054, 250107055, 250107056, 250107057, 250107058, 250107059, 250107061, 250107062"
MA2306H,1204,"250107063, 250107064, 250107066, 250107067, 250107068, 250107069, 250107070, 250107071, 250107072, 250107073, 250107074, 250107075, 250107076, 250107077, 250107078, 250107079, 250107080, 250107081, 250107082, 250107083, 250107084, 250107085, 250107086, 250107087, 250107088, 250107089, 250107090, 250107091, 250107092"
MA2307H,1203,"250102236, 250102245, 250102201, 250102202, 250102203, 250102204, 250102205, 250102206, 250102207, 250102208, 250102209, 250102210, 250102211, 250102212, 250102213, 250102214, 250102215, 250102216, 250102217, 250102218, 250102219, 250102220, 250102221, 250102222, 250102223, 250102224, 250102225, 250102226, 250102227, 250102228"
MA2307H,1205,"250102229, 250102230, 250102232, 250102233, 250102234, 250102235, 250102237, 250102238, 250102239, 250102240, 250102241, 250102242, 250102243, 250102244, 250102246, 250102247, 250102248, 250102249, 250102250, 250102252, 250102253, 250102254, 250102255, 250102256, 250102257, 250102258, 250102259, 250102260, 250102261, 250102262, 250102263, 250102264, 240102223"
MA2309H,4201,"250122001, 250122002, 250122003, 250122004, 250122005, 250122006, 250122007, 250122008, 250122009, 250122010, 250122011, 250122012, 250122013, 250122014, 250122016, 250122017, 250122018, 250122019, 250122020, 250122021, 250122022, 250122023, 250122024, 250122025, 250122026"
MA2309H,4202,"250122027, 250122028, 250122029, 250122030, 250122031, 250122032, 250122033, 250122034, 250122035, 250122037, 250122038, 250122039, 250122040, 250122041, 250122042, 250122043, 250122044, 250122045, 250122046, 250122047, 250122048, 250122049, 250122050, 250122051, 250122052"
MA2309H,4204,"250122053, 250122054, 250122055, 250122057, 250122058, 250122059, 250122060, 250122061, 250122062, 250122063, 250122064, 250122065"
MA2310H,2201,"250123025, 250123043, 250123047, 250123001, 250123002, 250123003, 250123004, 250123005, 250123006, 250123007, 250123008, 250123009, 250123010, 250123011, 250123012, 250123013, 250123014, 250123015, 250123016, 250123017, 250123018, 250123019, 250123020, 250123021, 250123022, 250123023, 250123024, 250123026, 250123027, 250123028, 250123029, 250123030, 250123031, 250123032, 250123033, 250123034, 250123035"
MA2310H,2203,"250123036, 250123037, 250123038, 250123039, 250123040, 250123041, 250123042, 250123044, 250123045, 250123046, 250123048, 250123049, 250123050, 250123051, 250123052, 250123054, 250123055, 250123056, 250123057, 250123058, 250123059, 250123060, 250123061, 250123062, 250123063, 250123064, 250123065, 250123066, 250123067, 250123068, 250123069, 250123070, 250123071, 250123072, 250123073"
MA2311H,3101,"250150002, 250150036, 250150041, 250150001, 250150003, 250150004, 250150005, 250150006, 250150007, 250150008, 250150009, 250150010, 250150011, 250150012, 250150013, 250150014, 250150015, 250150016, 250150017, 250150018, 250150020, 250150021, 250150022, 250150023, 250150024"
MA2311H,3102,"250150025, 250150026, 250150027, 250150028, 250150029, 250150030, 250150031, 250150032, 250150033, 250150034, 250150035, 250150037, 250150038, 250150039, 250150040, 250150042, 250150043, 250150044, 250150045, 250150046, 250150047, 250150048, 250150050"
MA2312H,3003,"250151001, 250151002, 250151003, 250151004, 250151005, 250151006, 250151007, 250151008, 250151009, 250151010, 250151011, 250151012, 250151013, 250151014, 250151015, 250151016, 250151017, 250151018, 250151019, 250151020"
MA4121,4G1,"262123005, 262123030, 262123001, 262123002, 262123003, 262123004, 262123006, 262123007, 262123008, 262123009, 262123010, 262123011, 262123012, 262123013, 262123014, 262123015, 262123016, 262123017, 262123018, 262123019, 262123020, 262123021, 262123022, 262123023, 262123024, 262123025, 262123026, 262123028, 262123029, 262123101"
MA4121,4G2,"262123102, 262123103, 262123104, 262123105, 262123106, 262123107, 262123108, 262123109, 262123110, 262123111, 262123112, 262123113, 262123114, 262123115, 262123116, 262123117, 262123118, 262123119, 262123120, 262123121, 262123122, 262123123, 262123124, 262123125 , 262123126, 262123127, 262123128"
MA4911M,5305,"230103121, 230103123, 230103124, 230103128, 230104040, 230104099, 230107045, 230107092, 230121011, 230121013, 230121035"
MA5102,5303,"264161002, 264161003, 264161004, 264161005, 264161006, 264161007, 264161009, 264161010, 264161011, 264161012, 264161013, 264161014, 264161015, 264161016, 264161017, 264161018, 264161019, 264161020, 264161021, 256150102, 266123004, 266150004"
ME4401M,5404,230104024
ME5501,1201,"264103001, 264103002, 264103003, 264103004, 264103005, 264103006, 264103007, 264103008, 264103009, 264103010, 264103011, 264103101, 264103102, 264103103, 264103104, 264103105, 264103106, 264103107, 264103108, 264103109, 264103110, 264103111, 264103112, 264103201, 264103202, 264103203, 264103204, 264103205, 264103206, 264103207"
ME5501,1202,"264103208, 264103209, 264103210, 264103211, 264103212, 264103213, 264103214, 264103215, 264103216, 264103217, 264103219, 264103220, 264103221, 264103301, 264103302, 264103303, 264103304, 264103305, 264103306, 264103308, 264103309, 264103310, 264103311, 264103312, 264103313, 264103314, 264103315, 264103316, 264103317, 264103318"
ME5501,1203,"264103319, 264103320, 264103321, 264103322, 264103323, 264103324, 264103325, 264103326, 264103327, 264103328, 264103329, 264103330, 264103331, 264103332, 264103333, 264103401, 264103402, 264103403, 264103404, 264103405, 264103406, 264103407, 264103408, 264103409, 264103410, 264103411, 264103412, 264103413, 264103414, 264103415"
ME5501,1204,"264103416, 264103417, 264103418, 264103419, 264103420, 264103421, 264103422, 264103424, 264103425, 264103426, 264103427, 264103428, 264103429, 264103431, 264103432, 264103433, 264103434, 264103435, 264103436, 264103437, 264103438, 264103439, 264103440, 266103001, 266159003"
NT6002,5405,"266153002, 266153004, 266153005"
PH2510,2201,"250121001, 250121002, 250121003, 250121004, 250121005, 250121006, 250121007, 250121008, 250121009, 250121010, 250121011, 250121012, 250121014, 250121015, 250121016, 250121017, 250121018, 250121019, 250121020, 250121021, 250121023, 250121024, 250121025, 250121026, 250121028, 250121029, 250121030, 250121031, 250121032, 250121033, 250121034, 250121035, 250121037, 250121038, 250121039"
PH2510,2202,"250121040, 250121042, 250121043, 250121044, 250121045, 250121046, 250121047, 250121048, 250121049, 250121050, 250121053, 250121054, 250121055, 250121056, 250121057, 250121058, 250121060, 250121061, 250121063, 250121064, 250121065, 250121066, 250121067, 250121068, 220121045"
PH4030,4G1,"262121014, 262121001, 262121002, 262121003, 262121004, 262121005, 262121006, 262121007, 262121008, 262121009, 262121010, 262121011, 262121012, 262121013, 262121015, 262121016, 262121017, 262121018, 262121019, 262121021, 262121022, 262121023, 262121024, 262121025, 262121026, 262121027, 262121028, 262121029, 262121030, 262121031"
PH4030,4G2,"262121033, 262121034, 262121035, 262121036, 262121037, 262121038, 262121039, 262121040, 262121041, 262121042, 262121043, 262121044, 262121045, 262121046, 262121047, 262121048, 262121049, 262121050, 262121051, 262121052, 262121053, 262121054, 262121055 , 252121017"
PH7010,5304,"256121105, 256121106, 256121107, 256121109, 266121004, 266121007, 266121010, 266121012, 266121013, 266121016, 266121019, 266121021, 266121023, 266121026, 266121029, 266121032, 266121034, 266121036, 266122021, 256102022"
RT5001,5304,"264154001, 264154002, 264154003, 264154004, 264154005, 264154006, 264154007, 264154008, 264154009, 264154010, 264154011, 256154102, 266154001, 266154004, 266154005, 266154006, 266154008, 266154009"
BM6014H,5405,"262241053, 266124004, 266124007, 254024001, 254024003, 254024005, 254024006, 254024007, 254024008, 254024009, 254024011, 254024013, 254024014, 254024015, 254024016, 254024017, 254024019, 254024021, 254024022"
BT3002,2201,"240106001, 240106002, 240106003, 240106004, 240106005, 240106006, 240106009, 240106010, 240106011, 240106012, 240106013, 240106015, 240106017, 240106018, 240106019, 240106020, 240106021, 240106022, 240106023, 240106024, 240106025, 240106028, 240106029, 240106030, 240106031, 240106032, 240106033, 240106034, 240106035, 240106036, 240106037, 240106038, 240106039, 240106040, 240106041, 240106046, 240106047"
BT3002,2203,"240106048, 240106049, 240106050, 240106051, 240106052, 240106053, 240106054, 240106055, 240106057, 240106058, 240106060, 240106061, 240106063, 240106064, 240106065, 240106066, 240106067, 240106068, 240106069, 240106070, 240106072, 240106074, 240106075, 240106076, 240106077, 240106078, 240106079, 240106080, 240106081, 240106082, 240106083, 230106025, 230106064, 230106083"
BT6004,3202,"264106001, 264106003, 264106004, 264106006, 264106007, 264106010, 264106014, 264106017, 264106019, 264106021, 264106025, 264106031, 264106036, 264106044, 264106102, 264106105, 264106107, 264106110, 266106002, 266106007, 266106008, 266106009, 266106011, 266106012, 266106013, 266106019, 266106022, 266106024, 266106025, 266106033, 266152006, 216106023"
BT6005,1205,"264106005, 264106008, 264106013, 264106016, 264106020, 264106026, 264106027, 264106028, 264106029, 264106033, 264106041, 264106042, 264106101, 264106106, 264106109, 266106001, 266106006, 266106010, 266106015, 266106028, 266106030, 266106039, 266106040, 266106042"
CE3105,1201,"240104001, 240104002, 240104003, 240104004, 240104005, 240104006, 240104007, 240104008, 240104009, 240104011, 240104012, 240104013, 240104014, 240104015, 240104016, 240104018, 240104019, 240104020, 240104021, 240104022, 240104023, 240104024, 240104025, 240104027, 240104028, 240104029, 240104031, 240104032, 240104033, 240104034"
CE3105,1202,"240104035, 240104036, 240104037, 240104039, 240104040, 240104041, 240104042, 240104043, 240104044, 240104045, 240104046, 240104047, 240104048, 240104049, 240104050, 240104051, 240104052, 240104053, 240104054, 240104055, 240104056, 240104057, 240104058, 240104059, 240104060, 240104061, 240104062, 240104063, 240104064, 240104065"
CE3105,1203,"240104066, 240104067, 240104068, 240104069, 240104070, 240104071, 240104072, 240104073, 240104074, 240104075, 240104076, 240104077, 240104080, 240104081, 240104082, 240104083, 240104084, 240104085, 240104086, 240104087, 240104088, 240104089, 240104090, 240104091, 240104093, 240104094, 240104096, 240104097, 240104098, 240104099"
CE3105,1205,"240104101, 240104102, 240104103, 240104104, 240104106, 240104107, 240104108, 240104109, 240104110, 240104112, 240104113, 240104114, 240104115, 240104116"
CE5023,5306,"264104101, 264104102, 264104103, 264104104, 264104105, 264104106, 264104107, 264104108, 264104109, 264104110, 264104111, 264104112, 264104113, 264104114, 264104115"
CE5053,5403,"264104601, 264104603, 264104604, 264104605, 264104606, 264104607, 264104608, 264104609, 264104610, 264104611, 264104612, 264104613, 266104003, 266104009, 266104013, 266104016, 266104023"
CE5081,5406,"264104503, 264104501, 264104502, 264104504, 264104506, 264104507, 264104508, 264104509, 264104510, 264104511, 264104512, 264104513, 264104514, 264104515, 264104516, 264104517, 264104518, 266104012"
CE5092,4G1,"264104001, 264104002, 264104003, 266104021"
CH3121,2203,"240122001, 240122002, 240122003, 240122004, 240122006, 240122007, 240122009, 240122010, 240122011, 240122012, 240122013, 240122014, 240122015, 240122017, 240122018, 240122020, 240122021, 240122022, 240122023, 240122024, 240122025, 240122026, 240122027, 240122028, 240122029, 240122031, 240122033, 240122034, 240122035, 240122037, 240122039, 240122040, 240122041, 240122042, 240122043"
CH3121,2204,"240122044, 240122045, 240122046, 240122047, 240122048, 240122049, 240122050, 240122051, 240122052, 240122053, 240122055, 240122056, 240122057, 240122058, 240122059, 240122061, 240122063, 240122064, 240122065, 240122066, 240122032"
CH7152,3202,"256122102, 256122103, 256122104, 256122107, 256122108, 266122001, 266122002, 266122003, 266122004, 266122005, 266122006, 266122008, 266122009, 266122010, 266122011, 266122013, 266122014, 266122016, 266122018, 266122019, 266122022, 266122024, 266122025, 266122026, 266122030, 266153002, 266122007"
CL6019,5006,"264107104, 264107113, 264107121, 264107122, 230107028, 200107037, 230107009, 230107013, 230107046, 230107070, 230107087, 230107092, 230107097, 230107098, 230107100, 230107108, 254107133, 254107214"
CL6055,1205,"264107007, 264107106, 264107110, 266107012, 230107004, 230107012, 230107017, 230107022, 230107023, 230107025, 230107026, 230107034, 230107035, 230107049, 230107054, 230107059, 230107064, 230107065, 230107068, 230107101, 230107105, 254107116, 254107130"
CS3103,5301,"240101003, 240101005, 240101026, 240101101, 240101104, 240123045, 240101001, 240101002, 240101004, 240101006, 240101007, 240101008, 240101009, 240101010, 240101011, 240101012, 240101013, 240101014, 240101015, 240101016, 240101017, 240101018, 240101019, 240101020, 240101021, 240101022, 240101023"
CS3103,5302,"240101024, 240101025, 240101027, 240101028, 240101029, 240101030, 240101031, 240101032, 240101033, 240101034, 240101035, 240101036, 240101037, 240101038, 240101039, 240101040, 240101041, 240101042, 240101043, 240101044, 240101045, 240101046, 240101047, 240101048, 240101049, 240101050, 240101051"
CS3103,5303,"240101052, 240101053, 240101054, 240101055, 240101056, 240101057, 240101058, 240101059, 240101060, 240101061, 240101062, 240101063, 240101064, 240101065, 240101066, 240101067, 240101068, 240101069, 240101070, 240101071, 240101072, 240101073, 240101074, 240101075, 240101076, 240101077, 240101078"
CS3103,5304,"240101079, 240101080, 240101081, 240101082, 240101083, 240101084, 240101085, 240101086, 240101087, 240101088, 240101089, 240101090, 240101091, 240101092, 240101093, 240101094, 240101095, 240101096, 240101097, 240101098, 240101099, 240101100, 240101102, 240101103, 240101105, 240101106, 240101107"
CS3103,5305,"240101108, 240101109, 240101110, 240101111, 240101112, 240101113, 240101114, 240101115, 240101116, 240101117, 240101118, 240101119, 240101120, 240101121, 240101122, 240101123, 240101124, 240101125, 240123001, 240123002, 240123003, 240123004, 240123005, 240123006, 240123007, 240123008, 240123009"
CS3103,5306,"240123010, 240123011, 240123012, 240123013, 240123014, 240123015, 240123016, 240123017, 240123018, 240123019, 240123020, 240123021, 240123022, 240123023, 240123024, 240123025, 240123026, 240123027, 240123028, 240123029, 240123030, 240123031, 240123032, 240123033, 240123034, 240123035, 240123036"
CS3103,5401,"240123037, 240123038, 240123039, 240123040, 240123041, 240123042, 240123043, 240123044, 240123046, 240123047, 240123048, 240123049, 240123050, 240123051, 240123052, 240123053, 240123054, 240123055, 240123056, 240123057, 240123058, 240123059, 240123060, 240123061, 240123062, 240123063, 240123064"
CS3103,5402,"240123065, 240123066, 240123067, 240123068, 240123069, 240123070, 240123071, 240123072, 240123073, 240123074, 240123075, 240123076, 240123077, 240123078, 240123079, 220101013, 220101055, 230101082, 256101010"
DA3022,2202,"240150001, 240150002, 240150003, 240150004, 240150005, 240150006, 240150007, 240150008, 240150009, 240150010, 240150012, 240150013, 240150014, 240150015, 240150016, 240150018, 240150019, 240150020, 240150021, 240150022, 240150023, 240150024, 240150025, 240150026, 240150027"
DA3022,2204,"240150029, 240150030, 240150031, 240150032, 240150033, 240150035, 240150036, 240150037, 240150038, 240150040, 240150041, 240150042, 240150043, 240150044, 240150045, 240150046, 240150047, 240150048, 240150049"
DD5503S,3202,"266105007, 230205001, 230205011, 230205038, 230205046, 230205056, 254205001, 254205005, 254205006, 254205007, 254205010, 254205011, 254205013, 254205014, 254205015, 254205016, 254205017, 254205018, 254205019, 254205022, 254205024, 254205026, 254205027, 254205101, 254205102, 254205106, 254205107, 254205109, 254205117, 254205123, 254205128"
EE3001,1201,"240102019, 240102098, 220102104, 240102001, 240102002, 240102003, 240102004, 240102005, 240102006, 240102007, 240102008, 240102009, 240102010, 240102011, 240102012, 240102013, 240102014, 240102015, 240102016, 240102018, 240102020, 240102021, 240102022, 240102023, 240102024, 240102025, 240102027, 240102028, 240102029, 240102031"
EE3001,1202,"240102032, 240102033, 240102034, 240102036, 240102037, 240102038, 240102039, 240102040, 240102041, 240102042, 240102043, 240102044, 240102045, 240102046, 240102047, 240102048, 240102049, 240102050, 240102051, 240102052, 240102053, 240102055, 240102057, 240102058, 240102059, 240102060, 240102061, 240102062, 240102063, 240102064"
EE3001,1203,"240102065, 240102066, 240102067, 240102068, 240102069, 240102070, 240102071, 240102074, 240102075, 240102076, 240102078, 240102079, 240102080, 240102081, 240102082, 240102083, 240102084, 240102085, 240102086, 240102087, 240102089, 240102090, 240102091, 240102092, 240102093, 240102094, 240102095, 240102099, 240102100, 240102101"
EE3001,1204,"240102102, 240102103, 240102104, 240102105, 240102106, 240102107, 240102108, 240102109, 240102110, 240102111, 240102112, 240102113, 240102114, 240102115, 240102116, 240102117, 240102118, 240102119, 240102120, 240102121, 240102122, 240102123, 240102124, 240102125, 240102126, 210102014"
EE3005,5301,"240102250, 240103051, 240102201, 240102202, 240102203, 240102206, 240102207, 240102208, 240102209, 240102210, 240102211, 240102212, 240102213, 240102214, 240102215, 240102216, 240102217, 240102220, 240102221, 240102223, 240102224, 240102225, 240102226, 240102227, 240102228, 240102229"
EE3005,5302,"240102230, 240102231, 240102232, 240102233, 240102234, 240102235, 240102237, 240102238, 240102239, 240102240, 240102241, 240102242, 240102243, 240102244, 240102245, 240102246, 240102247, 240102249, 240102251, 240102252, 240102257, 240102258, 240102259, 240102260, 240102261, 240102262"
EE3005,5303,"240102263, 240102264, 240102265, 240102266, 240102267, 240102268, 240102269, 240102270, 240102271, 240102272, 240102273, 240102274, 240102275, 240102276, 240102277, 240102278, 240102279, 240103001, 240103002, 240103003, 240103004, 240103005, 240103006, 240103007, 240103008, 240103009"
EE3005,5304,"240103010, 240103011, 240103012, 240103013, 240103015, 240103017, 240103018, 240103019, 240103020, 240103022, 240103023, 240103024, 240103025, 240103027, 240103028, 240103029, 240103031, 240103032, 240103033, 240103034, 240103035, 240103036, 240103037, 240103038, 240103039, 240103040"
EE3005,5305,"240103041, 240103042, 240103045, 240103046, 240103047, 240103048, 240103049, 240103050, 240103052, 240103053, 240103054, 240103055, 240103056, 240103057, 240103058, 240103059, 240103060, 240103061, 240103062, 240103063, 240103065, 240103066, 240103067, 240103069, 240103070, 240103071"
EE3005,5306,"240103072, 240103073, 240103075, 240103076, 240103078, 240103079, 240103080, 240103081, 240103082, 240103083, 240103084, 240103085, 240103086, 240103089, 240103090, 240103092, 240103093, 240103094, 240103097, 240103098, 240103099, 240103100, 240103101, 240103102, 240103103, 240103104"
EE3005,5401,"240103108, 240103109, 240103110, 240103111, 240103112, 240103113, 240103115, 240103117, 240103118, 240103120, 240103121, 240103122, 240103123, 240103124, 240103125, 230103047, 230103068"
EE5334,5303,"230102021, 230102028, 230102030, 230102074, 230102099, 230102102, 230108016, 230108035, 230108077"
EE5434,4201,"264102001, 264102002, 264102005, 264102007, 264102008, 264102009, 264102010, 264102011, 264102012, 264102013, 264102014, 264102016, 264102017, 264102018, 264102019, 264102302, 264102305, 264102321, 266102004, 266102007, 266102009, 266102017, 266102034, 230102004, 230102010"
EE5434,4202,"230102019, 230102023, 230102047, 230102057, 230102059, 230102060, 230102064, 230102071, 230102082, 230102090, 230102094, 230102100, 230102101, 230102121, 230102123, 230108003, 230108014, 230108044, 230108051, 230108058, 230108059, 230121020, 230121060, 254102012"
EE5447,5401,"264102201, 264102203, 264102204, 264102205, 264102206, 264102210, 266102014, 266102026, 230102013, 230102029, 230102050, 230102077, 230102079, 230108030, 230108052, 230102001, 230102002, 230102003, 230102005, 230102006, 230102008, 230102012, 230102016, 230102017, 230102020, 230102022, 230102025"
EE5447,5402,"230102027, 230102031, 230102033, 230102034, 230102035, 230102036, 230102037, 230102038, 230102039, 230102040, 230102041, 230102043, 230102044, 230102045, 230102048, 230102049, 230102051, 230102052, 230102054, 230102055, 230102056, 230102061, 230102062, 230102063, 230102065, 230102068, 230102069"
EE5447,5403,"230102070, 230102072, 230102075, 230102076, 230102078, 230102080, 230102083, 230102085, 230102086, 230102088, 230102089, 230102091, 230102092, 230102093, 230102095, 230102096, 230102097, 230102098, 230102103, 230102106, 230102107, 230102108, 230102109, 230102110, 230102111, 230102114, 230102115"
EE5447,5404,"230102116, 230102117, 230102118, 230102120, 230102122, 230102124, 230102125, 230102126, 230108002, 230108007, 230108008, 230108009, 230108010, 230108011, 230108012, 230108013, 230108015, 230108017, 230108018, 230108019, 230108020, 230108021, 230108022, 230108026, 230108028, 230108029, 230108033"
EE5447,5405,"230108034, 230108036, 230108037, 230108038, 230108041, 230108042, 230108043, 230108046, 230108047, 230108048, 230108053, 230108054, 230108055, 230108056, 230108057, 230108060, 230108061, 230108062, 230108063, 230108064, 230108065, 230108066, 230108067, 230108068, 230108069, 230108070, 230108072"
EE5447,5406,"230108073, 230108074, 230108075, 230108076, 230108078, 230108079, 230108080, 230121005, 230121022, 230121037, 230121049, 230121068, 220102019, 220121024, 256102018, 256102022"
EN3103,5406,"240151001, 240151002, 240151003, 240151004, 240151005, 240151006, 240151007, 240151008, 240151009, 240151010, 240151011, 240151013, 240151014, 240151015, 240151016, 240151018, 240151020, 230151007, 230151018"
HS5207,5403,"230205005, 252241001, 252241002, 252241003, 252241004, 252241005, 252241006, 252241007, 252241008, 252241009, 252241010, 252241011, 252241012, 252241013, 252241014, 252241015, 252241016, 252241017, 252241018, 252241019, 252241020, 252241022"
HS5207,5404,"252241023, 252241025, 252241026, 252241027, 252241028, 252241029, 252241032, 252241033, 252241035, 252241036, 252241039, 252241040, 252241041, 252241042, 252241043, 252241101"
HS7036,1203,266141013
HT1104,5402,"260359001, 260359002, 260359003, 260359004, 260359005, 260359006, 260359007, 260359008, 260359009, 260359010, 260359011, 260359012, 260359014 , 260359015 , 260359016 , 260359017 , 260359018, 260359019, 260359020, 260359021, 260359022 , 250359006"
HT2101,5405,"250359001, 250359002, 250359003, 250359004, 250359005, 250359006, 250359009, 250359010, 250359011, 250359013, 250359015, 250359016, 250359018, 250359019, 250359020, 250359021, 250359022, 250359023"
MA1301H,1G1,"260101009, 260101030, 260101040, 260101048, 260101081, 260101104, 260101001, 260101002, 260101003, 260101004, 260101005, 260101006, 260101007, 260101008, 260101010, 260101011, 260101012, 260101013, 260101014, 260101015, 260101016, 260101017, 260101018, 260101019"
MA1301H,1G2,"260101020, 260101021, 260101022, 260101023, 260101024, 260101025, 260101026, 260101027, 260101028, 260101029, 260101031, 260101032, 260101033, 260101034, 260101035, 260101036, 260101037, 260101038, 260101039, 260101041, 260101042, 260101043, 260101044, 260101045"
MA1301H,1201,"260101046, 260101047, 260101049, 260101050, 260101051, 260101052, 260101053, 260101054, 260101055, 260101056, 260101057, 260101058, 260101059, 260101060, 260101061, 260101062, 260101063, 260101064, 260101065, 260101066, 260101067, 260101068, 260101069, 260101070, 260101071, 260101072, 260101073, 260101074, 260101075, 260101076"
MA1301H,1202,"260101077, 260101078, 260101079, 260101080, 260101082, 260101083, 260101084, 260101085, 260101086, 260101087, 260101088, 260101089, 260101090, 260101091, 260101092, 260101093, 260101094, 260101095, 260101096, 260101097, 260101098, 260101099, 260101100, 260101101, 260101102, 260101103, 260101105, 260101106, 260101107, 260101108"
MA1301H,1203,"260101109, 260101110, 260101111, 260101112, 260101113, 260101114, 260101115, 230101076, 250101002"
MA1303H,2204,"260102203, 260102214, 260102238, 260102201, 260102202, 260102204, 260102205, 260102206, 260102207, 260102208, 260102209, 260102210, 260102211, 260102212, 260102213, 260102215, 260102216, 260102217, 260102218, 260102219, 260102220, 260102221, 260102222, 260102223, 260102224, 260102225, 260102226, 260102227, 260102228, 260102229"
MA1303H,3003,"260102230, 260102231, 260102232, 260102233, 260102234, 260102235, 260102236, 260102237, 260102239, 260102240, 260102241, 260102242, 260102243, 260102244, 260102245, 260102246, 260102247, 260102248, 260102249, 260102250, 260102251, 260102252, 260102253, 260102254, 260102255"
MA1303H,3101,"260102256, 260102257, 260102258, 260102259, 260102260, 260102261"
MA1304H,5301,"260103094, 260103001, 260103002, 260103003, 260103004, 260103005, 260103006, 260103007, 260103008, 260103009, 260103010, 260103011, 260103012, 260103013, 260103015, 260103016, 260103017, 260103018, 260103019, 260103020, 260103021, 260103022, 260103023, 260103024, 260103026, 260103027, 260103028"
MA1304H,5302,"260103029, 260103030, 260103031, 260103032, 260103033, 260103034, 260103035, 260103036, 260103037, 260103038, 260103039, 260103040, 260103041, 260103042, 260103043, 260103045, 260103046, 260103047, 260103048, 260103049, 260103050, 260103051, 260103052, 260103053, 260103054, 260103055, 260103056"
MA1304H,5303,"260103057, 260103058, 260103059, 260103060, 260103061, 260103062, 260103063, 260103064, 260103065, 260103066, 260103067, 260103068, 260103069, 260103070, 260103071, 260103072, 260103073, 260103074, 260103075, 260103076, 260103077, 260103078, 260103079, 260103080, 260103081, 260103082, 260103083"
MA1304H,5304,"260103084, 260103085, 260103086, 260103087, 260103088, 260103089, 260103090, 260103091, 260103092, 260103093, 260103095, 260103096, 260103097, 260103098, 260103099, 260103100, 260103101, 260103102, 260103103, 260103104, 260103105, 260103106, 260103107, 260103108, 260103109, 260103110, 260103111"
MA1304H,5305,"260103112, 260103113, 260103114, 260103115, 260103116, 260103117, 250103008, 250103026, 250103046"
MA1305H,4G1,"260104001, 260104002, 260104003, 260104004, 260104005, 260104006, 260104007, 260104008, 260104009, 260104010, 260104011, 260104012, 260104013, 260104014, 260104015, 260104016, 260104017, 260104018, 260104019, 260104020, 260104021, 260104022, 260104023, 260104024, 260104025, 260104026, 260104027, 260104028, 260104029, 260104030"
MA1305H,4G2,"260104031, 260104032, 260104033, 260104034, 260104035, 260104036, 260104037, 260104038, 260104039, 260104040, 260104041, 260104042, 260104043, 260104044, 260104045, 260104046, 260104047, 260104048, 260104049, 260104050, 260104051, 260104052, 260104053, 260104054, 260104055, 260104056, 260104057, 260104058, 260104059, 260104060"
MA1305H,4201,"260104061, 260104062, 260104063, 260104064, 260104065, 260104066, 260104067, 260104068, 260104069, 260104070, 260104071, 260104072, 260104073, 260104074, 260104075, 260104076, 260104077, 260104078, 260104080, 260104081, 260104082, 260104083, 260104084, 260104085, 260104086, 260104087, 260104088, 260104089, 260104090, 260104091"
MA1305H,4202,"260104092, 260104093, 260104094, 260104095, 260104096, 260104097, 260104098, 260104099, 260104100, 260104102, 260104103, 260104104, 260104105, 260104106, 260104107, 260104108, 260104109, 260104110, 260104111, 260104112, 260104113, 260104114, 260104115, 260104116"
MA1306H,3101,"260106001, 260106002, 260106003, 260106004, 260106005, 260106006, 260106008, 260106009, 260106010, 260106011, 260106012, 260106013, 260106016, 260106017, 260106018"
MA1306H,3102,"260106019, 260106020, 260106021, 260106022, 260106023, 260106024, 260106025, 260106026, 260106027, 260106029, 260106030, 260106031, 260106032, 260106033, 260106034, 260106035, 260106036, 260106037, 260106038, 260106039, 260106040, 260106041, 260106042, 260106043, 260106046"
MA1306H,3202,"260106047, 260106049, 260106050, 260106051, 260106052, 260106054, 260106055, 260106056, 260106057, 260106058, 260106059, 260106060, 260106061, 260106062, 260106064, 260106065, 260106066, 260106067, 260106068, 260106069, 260106070, 260106071, 260106072, 260106073, 260106074, 220106065, 250106056, 250106065, 250106069"
MA1307H,4208,"260107005, 260107001, 260107002, 260107003, 260107004, 260107006, 260107008, 260107010, 260107011, 260107012, 260107013, 260107014, 260107015, 260107016, 260107017, 260107018, 260107019, 260107020, 260107021, 260107022, 260107023, 260107024, 260107025, 260107026, 260107027, 260107028, 260107029, 260107030, 260107031, 260107032, 260107033, 260107034"
MA1307H,4209,"260107035, 260107036, 260107037, 260107038, 260107039, 260107041, 260107042, 260107043, 260107044, 260107045, 260107046, 260107047, 260107049, 260107051, 260107052, 260107053, 260107054, 260107055, 260107056, 260107057, 260107058, 260107059, 260107060, 260107061, 260107062, 260107063, 260107064, 260107065, 260107066, 260107067, 260107068, 260107070"
MA1307H,4210,"260107072, 260107073, 260107074, 260107075, 260107076, 260107077, 260107078, 260107080, 260107081, 260107082, 260107083, 260107084, 260107085, 260107086, 260107087, 260107088, 260107089, 260107090, 260107091, 260107092, 250150002, 250102062, 250150010"
MA1308H,5305,"260121001, 260121002, 260121003, 260121004, 260121005, 260121006, 260121007, 260121008, 260121009, 260121010, 260121011, 260121012, 260121013, 260121015"
MA1308H,5306,"260121016, 260121017, 260121018, 260121019, 260121020, 260121021, 260121022, 260121023, 260121024, 260121025, 260121026, 260121027, 260121028, 260121029, 260121030, 260121031, 260121033, 260121034, 260121035, 260121036, 260121037, 260121038, 260121039, 260121040, 260121041, 260121042, 260121043"
MA1308H,5401,"260121044, 260121045, 260121046, 260121047, 260121048, 260121049, 260121050, 260121051, 260121052, 260121053, 260121054, 260121055, 260121056, 260121057, 260121058, 260121059, 260121060, 260121061, 260121062, 260121063, 260121064, 260121065, 260121066, 260121067, 250121053"
MA1309H,5402,"260122001, 260122002, 260122003, 260122004, 260122005, 260122006, 260122007, 260122008, 260122009, 260122010, 260122011, 260122012, 260122013, 260122015, 260122016, 260122017, 260122018, 260122019, 260122020, 260122021, 260122022, 260122023, 260122024, 260122025, 260122026"
MA1309H,5403,"260122027, 260122028, 260122029, 260122030, 260122031, 260122032, 260122033, 260122035, 260122036, 260122037, 260122038, 260122039, 260122040, 260122041, 260122042, 260122043, 260122044, 260122045, 260122046, 260122047, 260122048, 260122049, 260122050, 260122051, 260122052"
MA1309H,5404,"260122053, 260122054, 260122055, 260122056, 260122057, 260122058, 260122059, 260122060"
MA1310H,2201,"260123052, 260123057, 260123065, 260123070, 260123001, 260123002, 260123003, 260123004"
MA1310H,2202,"260123005, 260123006, 260123007, 260123008, 260123009, 260123010, 260123011, 260123012, 260123013, 260123014, 260123015, 260123016, 260123017, 260123018, 260123019, 260123020, 260123021, 260123022, 260123023, 260123024, 260123025, 260123026, 260123027, 260123028, 260123029, 260123030, 260123031, 260123032, 260123033, 260123034"
MA1310H,2203,"260123035, 260123036, 260123037, 260123038, 260123039, 260123040, 260123041, 260123042, 260123043, 260123044, 260123045, 260123046, 260123047, 260123048, 260123049, 260123050, 260123051, 260123053, 260123054, 260123055, 260123058, 260123059, 260123060, 260123061, 260123062, 260123063, 260123064, 260123066, 260123067, 260123068, 260123069, 260123071, 260123072, 250123055"
MA1311H,5404,"260150004, 260150032, 260150049, 260150001, 260150002, 260150003, 260150005, 260150006, 260150007, 260150008, 260150009, 260150010, 260150011, 260150012"
MA1311H,5405,"260150013, 260150014, 260150015, 260150016, 260150017, 260150018, 260150019, 260150020, 260150021, 260150022, 260150023, 260150024, 260150026, 260150027, 260150028, 260150029, 260150030, 260150031, 260150033, 260150034, 260150035, 260150036, 260150037, 260150038, 260150039"
MA1311H,5406,"260150040, 260150041, 260150042, 260150043, 260150044, 260150045, 260150046, 260150047, 260150048, 260150050, 260150051, 260150052, 260150053, 260150054, 260150055, 260150056, 260150057, 260150058, 260150059, 260150060, 250150041"
MA1312H,4204,"260151001, 260151002, 260151003, 260151004, 260151005, 260151006, 260151007, 260151008, 260151009, 260151010, 260151011, 260151012, 260151013, 260151014, 260151015, 260151016, 260151017, 260151018, 260151019, 250151015, 250151017"
MA4126,2201,"252123005, 252123105, 252123117, X250101117 , 252123001, 252123002, 252123003, 252123004, 252123006, 252123007, 252123008, 252123009, 252123010, 252123011, 252123012, 252123013, 252123014, 252123015, 252123016, 252123017, 252123018, 252123019, 252123020, 252123021, 252123022, 252123023, 252123024, 252123025, 252123026, 252123027, 252123028, 252123030, 252123101, 252123102, 252123103"
MA4126,2202,"252123104, 252123106, 252123107, 252123108, 252123109, 252123110, 252123111, 252123112, 252123113, 252123114, 252123115, 252123116, 252123118, 252123119, 252123120, 252123121, 252123122, 252123123, 252123124, 252123125, 252123126, 252123127, 252123128, 252123129, 252123130"
MA6002,5304,"266123001, 266123002, 266123003, 266123004, 266123007, 266123008, 266123009, 266123010, 266123011, 266123012, 266123013, 266123015, 266123016, 266123017"
ME5512,1201,"264103201, 264103202, 264103203, 264103204, 264103205, 264103206, 264103207, 264103208, 264103209, 264103210, 264103211, 264103212, 264103213, 264103214, 264103215, 264103216, 264103217, 264103219, 264103220, 264103221, 266103001, 266103006, 266103010, 266103015, 230103003, 230103011, 230103012"
ME5512,1202,"230103015, 230103019, 230103024, 230103027, 230103028, 230103031, 230103033, 230103036, 230103038, 230103042, 230103043, 230103044, 230103045, 230103046, 230103049, 230103050, 230103051, 230103052, 230103053, 230103056, 230103057, 230103059, 230103060, 230103066, 230103070, 230103071, 230103072"
ME5512,1204,"230103073, 230103074, 230103080, 230103081, 230103082, 230103084, 230103088, 230103093, 230103097, 230103103, 230103105, 230103106, 230103107, 230103113, 230103114, 230103115, 230103116, 230103117, 230103125, 230103128, 230103130, 230103131, 256103105"
ME5543,2203,"264103001, 264103003, 264103004, 264103005, 264103006, 264103007, 264103008, 264103009, 264103010, 264103011, 264103101, 264103102, 264103103, 264103104, 264103105, 264103106, 264103107, 264103108, 264103109, 264103110, 264103111, 264103112, 264103301, 264103302, 264103303, 264103304, 264103305, 264103306, 264103308, 264103309, 264103310, 264103311, 264103312, 264103313, 264103314"
ME5543,2204,"264103316, 264103317, 264103318, 264103320, 264103321, 264103322, 264103324, 264103325, 264103326, 264103327, 264103328, 264103329, 264103330, 264103331, 266103009, 266103016, 230103006, 230103048, 230103063, 230103112, 230103123, 230103124"
ME6659,5301,"264103315, 264103319, 264103332, 264103333, 266103002, 266103013, 254103206"
PH3030,4201,"240121001, 240121003, 240121006, 240121007, 240121009, 240121010, 240121011, 240121012, 240121014, 240121015, 240121016, 240121017, 240121019, 240121020, 240121021, 240121022, 240121023, 240121024, 240121025, 240121026, 240121027, 240121028, 240121030, 240121031, 240121032, 240121033, 240121034, 240121036, 240121037, 240121038"
PH3030,4202,"240121039, 240121040, 240121041, 240121042, 240121043, 240121044, 240121045, 240121046, 240121047, 240121048, 240121049, 240121053, 240121054, 240121055, 240121056, 240121057, 240121058, 240121060, 240121062, 240121063, 240121064, 240121065, 240121066, 240121067, 240121068"
PH4103,2201,"252121001, 252121002, 252121003, 252121004, 252121005, 252121006, 252121007, 252121008, 252121009, 252121010, 252121011, 252121012, 252121013, 252121015, 252121016, 252121017, 252121018, 252121019, 252121020, 252121021, 252121022, 252121023, 252121024, 252121025, 252121027, 252121028, 252121029, 252121030, 252121031, 252121032, 252121033, 252121034, 252121035, 252121036, 252121037"
PH4103,2202,"252121038, 252121039, 252121040, 252121041, 252121042, 252121043, 252121044, 252121045, 252121046, 252121047, 252121049, 252121050, 252121051, 252121052, 252121053, 252121055, 252121056, 252121057, 252121058, 242121039, 242121049"
MA1302H,1203,"260102023, 260102074, 260102084, 260102102, 260102001, 260102002, 260102003, 260102004, 260102005, 260102006, 260102007, 260102008, 260102009, 260102010, 260102011, 260102012, 260102013, 260102014"
MA1302H,1204,"260102015, 260102016, 260102017, 260102018, 260102019, 260102020, 260102021, 260102022, 260102024, 260102025, 260102026, 260102027, 260102028, 260102029, 260102030, 260102031, 260102032, 260102033, 260102034, 260102035, 260102036, 260102037, 260102039, 260102040, 260102041, 260102042, 260102043, 260102044, 260102045, 260102046"
MA1302H,1205,"260102047, 260102048, 260102049, 260102050, 260102051, 260102052, 260102053, 260102054, 260102055, 260102056, 260102057, 260102058, 260102059, 260102060, 260102061, 260102062, 260102063, 260102064, 260102065, 260102066, 260102067, 260102068, 260102069, 260102070, 260102071, 260102072, 260102073, 260102075, 260102076, 260102077"
MA1302H,2201,"260102078, 260102079, 260102080, 260102081, 260102082, 260102083, 260102085, 260102086, 260102087, 260102088, 260102089, 260102090, 260102091, 260102092, 260102093, 260102094, 260102095, 260102096, 260102097, 260102098, 260102099, 260102100, 260102101, 260102103, 260102104, 260102105"
BM5103H,3202,"264024001, 264024003, 264024004, 264024005, 264024006, 264024008, 264024009, 264024010, 264024011, 264024012, 264024013, 264024014, 264024016, 264024017, 264024018, 264024019, 264024020, 264024021, 264024022, 264024023, 264024024, 264024025, 264024026, 264024027, 256124103, 266124008"
BT2101,2201,"250106001, 250106002, 250106003, 250106004, 250106007, 250106008, 250106009, 250106010, 250106011, 250106012, 250106013, 250106014, 250106015, 250106016, 250106017, 250106019, 250106020, 250106021, 250106023, 250106024, 250106025, 250106026, 250106027, 250106028, 250106029, 250106030, 250106032, 250106033, 250106034, 250106035, 250106036, 250106037, 250106038, 250106039, 250106040, 250106041, 250106042"
BT2101,2203,"250106044, 250106045, 250106046, 250106047, 250106048, 250106050, 250106051, 250106052, 250106053, 250106054, 250106055, 250106056, 250106057, 250106058, 250106059, 250106060, 250106061, 250106062, 250106064, 250106065, 250106066, 250106067, 250106068, 250106069, 250106070, 250106071, 250106072, 250106073, 250106074, 250106075, 250106076, 250106077, 250106078, 250106079, 240106015"
BT6021,5301,"264106009, 264106015, 264106018, 264106030, 264106034, 264106035, 264106037, 264106040, 264106106, 256160102, 266106005, 266106010, 266106014, 266106022, 266106036, 266107015, 266153004, 266153005, 220122042, 230101014, 230101016, 230101027, 230101030, 230101044, 230101055, 230101069, 230101103"
BT6021,5302,"230101112, 230103023, 230103026, 230103029, 230103031, 230103033, 230103036, 230103041, 230103044, 230103046, 230103058, 230103059, 230103061, 230103065, 230103068, 230103073, 230103077, 230103081, 230103086, 230103087, 230103088, 230103089, 230103090, 230103094, 230103102, 230103103, 230103113"
BT6021,5303,"230103116, 230103121, 230103124, 230103128, 230103131, 230106001, 230106002, 230106005, 230106006, 230106008, 230106009, 230106011, 230106012, 230106014, 230106018, 230106021, 230106022, 230106023, 230106026, 230106027, 230106029, 230106030, 230106031, 230106034, 230106035, 230106036, 230106038"
BT6021,5304,"230106040, 230106041, 230106042, 230106043, 230106044, 230106045, 230106046, 230106047, 230106048, 230106049, 230106050, 230106051, 230106052, 230106053, 230106055, 230106056, 230106061, 230106067, 230106069, 230106070, 230106075, 230106077, 230106081, 230106082, 230106084"
BT6030,2201,"266106001, 266106004, 266106027, 266106035, 266106038, 266106040, 200106077, 220101055, 220101081, 220103036, 230101001, 230101010, 230101015, 230101019, 230101028, 230101029, 230101034, 230101036, 230101038, 230101040, 230101045, 230101046, 230101051, 230101062, 230101063, 230101068, 230101071, 230101073, 230101077, 230101106, 230101121, 230103012, 230103015, 230103042, 230103045, 230103049"
BT6030,2203,"230103053, 230103066, 230103072, 230103079, 230103091, 230103092, 230103095, 230103097, 230103099, 230103100, 230103105, 230103120, 230103123, 230103127, 230103132, 230106003, 230106010, 230106015, 230106017, 230106020, 230106024, 230106028, 230106060, 230106065, 230106071, 230106073, 230106074, 230106076, 230106078, 230106079, 220101052"
CE2103,1201,"250104001, 250104003, 250104004, 250104005, 250104007, 250104008, 250104009, 250104010, 250104011, 250104012, 250104013, 250104014, 250104015, 250104016, 250104017, 250104018, 250104019, 250104020, 250104021, 250104022, 250104023, 250104024, 250104025, 250104026, 250104027, 250104028, 250104029, 250104030, 250104031, 250104032"
CE2103,1202,"250104033, 250104034, 250104035, 250104036, 250104037, 250104038, 250104039, 250104040, 250104041, 250104042, 250104043, 250104044, 250104045, 250104046, 250104047, 250104048, 250104049, 250104050, 250104051, 250104052, 250104053, 250104054, 250104055, 250104056, 250104057, 250104058, 250104059, 250104060, 250104061, 250104062"
CE2103,1203,"250104063, 250104064, 250104065, 250104066, 250104067, 250104068, 250104069, 250104070, 250104071, 250104072, 250104073, 250104074, 250104075, 250104076, 250104077, 250104078, 250104079, 250104080, 250104081, 250104082, 250104083, 250104084, 250104085, 250104086, 250104087, 250104088, 250104089, 250104090, 250104091, 250104092"
CE2103,1204,"250104093, 250104094, 250104095, 250104096, 250104097, 250104098, 250104099, 250104100, 250104101, 250104102, 250104103, 250104104, 250104105, 250104106, 250104107, 250104108, 250104109, 250104110, 250104111, 250104112, 250104113, 250104114, 250104115, 250104116, 250104117"
CE4015,3202,"230104008, 230104013, 230104016, 230104019, 230104020, 230104022, 230104023, 230104024, 230104026, 230104027, 230104029, 230104030, 230104031, 230104032, 230104037, 230104038, 230104045, 230104048, 230104051, 230104061, 230104070, 230104075, 230104077, 230104095, 230104097, 230104109"
CE5091,5403,"264104001, 264104002, 264104003, 266104021, 230104040"
CE6026,2202,"256104102, 266104002, 230104001, 230104003, 230104004, 230104006, 230104009, 230104010, 230104012, 230104015, 230104018, 230104021, 230104034, 230104035, 230104036, 230104039, 230104041, 230104042, 230104043, 230104046, 230104049, 230104053, 230104055, 230104056, 230104057, 230104059, 230104062, 230104063, 230104066, 230104067"
CE6026,2204,"230104068, 230104069, 230104071, 230104072, 230104073, 230104076, 230104079, 230104080, 230104081, 230104083, 230104085, 230104086, 230104087, 230104088, 230104089, 230104090, 230104093, 230104094, 230104098, 230104100, 230104102, 230104105, 230104106, 230104107, 230104111, 230104112, 230104113, 230104114, 230104118"
CE6048,5405,"264104215, 264104507, 266104001, 266104007, 266104022, 230104005, 230104058, 230104060, 230104099, 254104213, 254104220"
CH2101,1204,"250122001, 250122002, 250122003, 250122004, 250122005, 250122006, 250122007, 250122008, 250122009, 250122010, 250122011, 250122012, 250122013, 250122014, 250122016, 250122017, 250122018, 250122019, 250122020, 250122021, 250122022, 250122023, 250122024, 250122025, 250122026, 250122027, 250122028, 250122029, 250122030, 250122031"
CH2101,1205,"250122032, 250122033, 250122034, 250122035, 250122037, 250122038, 250122039, 250122040, 250122041, 250122042, 250122043, 250122044, 250122045, 250122046, 250122047, 250122048, 250122049, 250122050, 250122051, 250122052, 250122053, 250122054, 250122055, 250122057, 250122058, 250122059, 250122060, 250122061, 250122062, 250122063, 250122064, 250122065"
CH4120,4201,"230122001, 230122002, 230122003, 230122004, 230122005, 230122006, 230122007, 230122008, 230122009, 230122010, 230122011, 230122013, 230122014, 230122015, 230122016, 230122018, 230122019, 230122020, 230122021, 230122022, 230122024, 230122026, 230122027, 230122028, 230122030, 230122032, 230122033, 230122034, 230122035, 230122036"
CH4120,4202,"230122037, 230122038, 230122039, 230122041, 230122043, 230122044, 230122045, 230122046, 230122047, 230122048, 230122049, 230122050, 230122051, 230122052, 230122053, 230122054, 230122055, 230122056, 230122057, 230122058, 230122059, 230122060, 230122062, 230122063, 230122064, 230122065"
CH4152,2202,"262122035, 262122001, 262122002, 262122003, 262122004, 262122005, 262122006, 262122007, 262122008, 262122009, 262122010, 262122011, 262122012, 262122013, 262122014, 262122015, 262122016, 262122017, 262122018, 262122019, 262122020, 262122021, 262122022, 262122023, 262122024, 262122025, 262122026, 262122027, 262122028, 262122029"
CH4152,2204,"262122030, 262122031, 262122032, 262122033, 262122034, 262122036, 262122037, 262122038, 262122039, 262122040, 262122041, 262122042, 262122043, 262122044, 262122045, 262122046, 262122047, 262122048, 262122049, 262122050, 262122051, 262122052, 262122053, 262122054, 262122055, 262122056, 262122057, 262122058, 262122059"
CH5152,2202,"252122022, 252122001, 252122002, 252122003, 252122004, 252122005, 252122006, 252122008, 252122009, 252122010, 252122011, 252122012, 252122013, 252122014, 252122015, 252122016, 252122017, 252122018, 252122019, 252122020, 252122021, 252122023, 252122024, 252122025, 252122026, 252122027, 252122028, 252122029, 252122030, 252122031"
CH5152,2204,"252122032, 252122033, 252122034, 252122035, 252122036, 252122037, 252122038, 252122039, 252122040, 252122041, 252122042, 252122043, 252122044, 252122045, 252122046, 252122047, 252122048, 252122049, 252122050, 252122051, 252122052, 252122053, 252122054, 252122055, 252122056, 252122057, 252122058, 252122059, 252122060"
CL5102,4G1,"264107001, 264107002, 264107003, 264107004, 264107005, 264107006, 264107007, 264107008, 264107009, 264107010, 264107011, 264107012, 264107013, 264107014, 264107015, 264107101, 264107102, 264107103, 264107104, 264107105, 264107106, 264107107, 264107108, 264107109, 264107110, 264107111, 264107112"
CL5102,4G2,"264107113, 264107114, 264107115, 264107116, 264107117, 264107118, 264107119, 264107120, 264107121, 264107122, 264107123, 264107124, 264107125, 264107126, 264107127, 264107128, 264107129, 264107201, 264107202, 264107203, 264107205, 264107206, 264107207, 264107208, 264107209, 256107103"
CS5001,2201,"264101001, 264101002, 264101003, 264101004, 264101005, 264101006, 264101007, 264101008, 264101009, 264101010, 264101011, 264101012, 264101014, 264101015, 264101016, 264101017, 264101018, 264101019, 264101020, 264101021, 264101022, 264101023, 264101024, 264101025, 264101026, 264101027, 264101028, 264101029, 264101030, 264101031, 264101032, 264101033, 264101034, 264101035, 264101036, 264101037"
CS5001,2203,"264101038, 264101039, 264101040, 264101041, 264101043, 264101044, 264101045, 264101046, 264101047, 264101048, 264101049, 264101050, 264101051, 264101052, 264101053, 264101054, 264101055, 264101056, 264101057, 264101058, 264101059, 264101060, 264101061, 264101062, 264101063, 264101064, 264101065, 264101066, 264101067, 264101068, 264101069"
CS5006,5406,"266101004, 266101006, 266101007, 266101008, 266101011, 266101014, 266101015, 266123005, 266123014, 236101005"
DA2101H,1203,"250107038, 250107001, 250107002, 250107003, 250107004, 250107006, 250107007, 250107008, 250107009, 250107010, 250107011, 250107012, 250107013, 250107014, 250107015, 250107016, 250107017, 250107018, 250107019, 250107020, 250107021, 250107022, 250107023, 250107024, 250107025, 250107026, 250107027, 250107028, 250107029"
DA2101H,1204,"250107030, 250107031, 250107032, 250107033, 250107034, 250107035, 250107036, 250107037, 250107039, 250107040, 250107041, 250107042, 250107043, 250107044, 250107045, 250107046, 250107047, 250107048, 250107049, 250107050, 250107051, 250107052, 250107053, 250107054, 250107055, 250107056, 250107057, 250107058, 250107059"
DA2101H,1205,"250107061, 250107062, 250107063, 250107064, 250107066, 250107067, 250107068, 250107069, 250107070, 250107071, 250107072, 250107073, 250107074, 250107075, 250107076, 250107077, 250107078, 250107079, 250107080, 250107081, 250107082, 250107083, 250107084, 250107085, 250107086, 250107087, 250107088, 250107089, 250107090, 250107091, 250107092, 254024010"
DA2151,5305,"250150002, 250150036, 250150001, 250150003, 250150004, 250150005, 250150006, 250150007, 250150008, 250150009, 250150010, 250150011, 250150012, 250150013, 250150014, 250150015, 250150016, 250150017, 250150018, 250150020, 250150021, 250150022, 250150023, 250150024, 250150025"
DA2151,5306,"250150026, 250150027, 250150028, 250150029, 250150030, 250150031, 250150032, 250150033, 250150034, 250150035, 250150037, 250150038, 250150039, 250150040, 250150042, 250150043, 250150044, 250150045, 250150046, 250150047, 250150048, 250150050"
DA4061,3202,"230150002, 230150003, 230150004, 230150005, 230150007, 230150009, 230150010, 230150011, 230150012, 230150013, 230150014, 230150015, 230150016, 230150017, 230150018, 230150019, 230150020, 230150021, 230150022, 230150023, 230150025, 230150026, 230150027, 230150028, 230150029, 230150030, 230150031, 230150032, 230150033, 230150034"
DD1103S,2202,"260205007, 260205032, 260205001, 260205002, 260205003, 260205004, 260205005, 260205006, 260205008, 260205009, 260205010, 260205011, 260205012, 260205013, 260205014, 260205015, 260205016, 260205017, 260205018, 260205019, 260205020, 260205021, 260205022, 260205023, 260205024, 260205025, 260205026, 260205027, 260205028, 260205029"
DD1103S,2204,"260205030, 260205031, 260205033, 260205034, 260205035, 260205036, 260205037, 260205038, 260205039, 260205040, 260205041, 260205042, 260205043, 260205044, 260205045, 260205046, 260205047, 260205048, 260205049, 260205050, 260205051, 260205052, 260205054, 260205055, 260205056, 210205014"
DD2104,5305,"250205036, 250205001, 250205003, 250205004, 250205005, 250205007, 250205008, 250205009, 250205010, 250205011, 250205012, 250205013, 250205014, 250205015, 250205016, 250205017, 250205018, 250205019, 250205020, 250205021, 250205022, 250205023, 250205025, 250205026, 250205027, 250205029, 250205030"
DD2104,5306,"250205031, 250205032, 250205033, 250205034, 250205035, 250205037, 250205038, 250205039, 250205040, 250205041, 250205042, 250205043, 250205044, 250205045, 250205046, 250205047, 250205048, 250205049, 250205050, 250205052, 250205053, 250205054, 250205055, 250205056"
DD3302,4201,"240205038, 240205039, 240205001, 240205002, 240205003, 240205004, 240205005, 240205006, 240205007, 240205008, 240205009, 240205010, 240205011, 240205012, 240205013, 240205014, 240205015, 240205016, 240205017, 240205018, 240205019, 240205020, 240205021, 240205022, 240205023, 240205024, 240205025, 240205026, 240205027, 240205028"
DD3302,4202,"240205029, 240205030, 240205031, 240205032, 240205033, 240205034, 240205035, 240205036, 240205037, 240205040, 240205041, 240205042, 240205044, 240205045, 240205046, 240205047, 240205048, 240205049, 240205050, 240205051, 240205052, 240205053, 240205054, 240205055, 240205056, 240205057"
DD4302S,4G1,"230205050, 230205001, 230205002, 230205003, 230205004, 230205005, 230205006, 230205007, 230205008, 230205009, 230205010, 230205011, 230205012, 230205013, 230205014, 230205015, 230205016, 230205017, 230205018, 230205019, 230205020, 230205021, 230205022, 230205023, 230205024, 230205026, 230205027, 230205028"
DD4302S,4G2,"230205029, 230205030, 230205031, 230205032, 230205033, 230205034, 230205035, 230205036, 230205037, 230205038, 230205039, 230205040, 230205041, 230205042, 230205043, 230205044, 230205045, 230205046, 230205047, 230205048, 230205049, 230205051, 230205052, 230205053, 230205054, 230205055, 230205056, 220205029"
DD5103,5301,"264205029, 264205001, 264205002, 264205003, 264205004, 264205005, 264205006, 264205007, 264205008, 264205009, 264205010, 264205011, 264205012, 264205013, 264205014, 264205015, 264205016, 264205017, 264205018, 264205019"
DD5103,5302,"264205020, 264205021, 264205022, 264205023, 264205024, 264205025, 264205026, 264205027, 264205028, 264205030, 264205031, 264205032, 264205033, 266105001"
EE2101H,5301,"250102016, 250102028, 250102055, 250102065, 250102082, 250102090, 250102001, 250102002, 250102003, 250102004, 250102005, 250102007, 250102008, 250102009, 250102010, 250102011, 250102012, 250102013, 250102014, 250102015, 250102017, 250102018, 250102019, 250102020, 250102021, 250102022, 250102023"
EE2101H,5302,"250102024, 250102025, 250102026, 250102027, 250102029, 250102030, 250102031, 250102032, 250102033, 250102034, 250102035, 250102036, 250102037, 250102038, 250102039, 250102040, 250102041, 250102042, 250102043, 250102044, 250102045, 250102046, 250102047, 250102048, 250102049, 250102050, 250102051"
EE2101H,5303,"250102052, 250102053, 250102054, 250102056, 250102057, 250102058, 250102059, 250102061, 250102062, 250102063, 250102066, 250102067, 250102068, 250102070, 250102071, 250102072, 250102073, 250102074, 250102075, 250102076, 250102077, 250102078, 250102080, 250102081, 250102083, 250102084, 250102085"
EE2101H,5304,"250102086, 250102087, 250102088, 250102089, 250102091, 250102092, 250102094, 250102095, 250102096, 250102097, 250102098, 250102099, 250102100, 250102101, 250102103, 250102104, 250102106, 250102107, 250102108, 250102061, 250102093"
EE2103,5401,"250102236, 250102245, 250102201, 250102202, 250102203, 250102204, 250102205, 250102206, 250102207, 250102208, 250102209, 250102210, 250102211, 250102212, 250102213, 250102214, 250102215, 250102216, 250102217, 250102218, 250102219, 250102220, 250102221, 250102222"
EE2103,5402,"250102223, 250102224, 250102225, 250102226, 250102227, 250102228, 250102229, 250102230, 250102232, 250102233, 250102234, 250102235, 250102237, 250102238, 250102239, 250102240, 250102241, 250102242, 250102243, 250102244, 250102246, 250102247, 250102248, 250102249"
EE2103,5403,"250102250, 250102252, 250102253, 250102254, 250102255, 250102256, 250102257, 250102258, 250102259, 250102260, 250102261, 250102262, 250102263, 250102264"
EE4032,3202,"230108052, 230102006, 230102010, 230102015, 230102019, 230102025, 230102026, 230102027, 230102057, 230102063, 230102073, 230102074, 230102076, 230102090, 230102108, 230102110, 230102112, 230102113, 230102118, 230102119, 230102120, 230102124, 230108002, 230108014, 230108026, 230108057, 230108060, 230108071, 230108073, 230108075, 230108077"
EE5001,1201,"264102001, 264102002, 264102004, 264102005, 264102006, 264102007, 264102008, 264102009, 264102010, 264102011, 264102012, 264102013, 264102014, 264102016, 264102017, 264102018, 264102019, 264102020, 256102101, 256102106, 266102001, 266102008, 266102028, 266102030, 266102032"
EE5102,5404,"264102101, 264102102, 264102103, 264102104, 264102105, 264102106, 264102107, 264102108, 264102109, 264102110, 264102111, 264102112, 264102113, 264102114, 264102115, 266102002, 266102016, 266102025, 266102027, 266102029, 266151003, 266151008"
EE5202,5406,"264102201, 264102203, 264102204, 264102205, 264102206, 264102207, 264102208, 264102210, 266102026"
EE5301,5305,"264102301, 264102302, 264102303, 264102304, 264102305, 264102306, 264102307, 264102308, 264102309, 264102310, 264102311, 264102312, 264102313, 264102314, 264102315, 264102316, 264102317, 264102318, 264102319, 264102320, 264102321, 256102103, 256102104, 256104111, 266101010"
EE5301,5306,"266101012, 266102003, 266102005, 266102009, 266102010, 266102020, 266102023, 266102024, 266102033, 266104004, 266104024, 266150001, 266150003, 266150005, 266150007, 266150008, 266154003, 230102107, 236302002, 256102001, 256102019, 254159016"
EE5401,1202,"264102417, 264102401, 264102402, 264102403, 264102404, 264102405, 264102406, 264102407, 264102408, 264102409, 264102410, 264102411, 264102412, 264102413, 264102414, 264102415, 264102416, 264102418, 264102419, 264102420, 266102004, 266102012, 266102014, 266102022, 266151005, 256102018"
EE5501,5406,"264102502, 264102503, 264102504, 264102505, 264102506, 264102507, 264102508, 264102509, 264102510"
EN2103,5404,"250151001, 250151002, 250151003, 250151004, 250151005, 250151006, 250151007, 250151008, 250151009, 250151010, 250151011, 250151012, 250151013, 250151014, 250151015, 250151016, 250151017, 250151018, 250151019, 250151020, 240151012"
EN5101,5405,"264351001, 264351002, 264351005, 264351006, 264351007, 264351008, 264351009, 264351011, 264351013, 264351014, 256153101, 266151001, 266151002, 266151004, 266151006, 266151009, 266154004"
FT6003,5302,"264162001, 264162002"
HS4002,4G1,"262241001, 262241002, 262241003, 262241004, 262241005, 262241006, 262241007, 262241008, 262241009, 262241010, 262241011, 262241012, 262241013, 262241014, 262241015, 262241016, 262241017, 262241018, 262241019, 262241021, 262241022, 262241024, 262241025, 262241026, 262241027, 262241028"
HS4002,4G2,"262241029, 262241030, 262241031, 262241032, 262241034, 262241035, 262241036, 262241037, 262241038, 262241039, 262241040, 262241041, 262241042, 262241043, 262241044, 262241045, 262241046, 262241047, 262241048, 262241049, 262241051, 262241052, 262241053, 262241054, 262241055"
HS4011,5403,"262241102, 262241103, 262241104, 262241105, 262241107, 256123015"
HS5111,5301,"256149101, 266141008, 266141011"
HS7005,5401,"266141002, 266141005, 266141009, 266141017"
HS7023,5402,"266149001, 266141004, 266141006, 266141016, 266149002"
HS7034,5304,256155101
HT5002,5305,"264159001, 264159002, 264159003, 264159004, 264159005, 264159006, 264159007, 264159008, 264159009, 264159010, 264159011, 264159012, 264159013, 264159014, 264159015, 264159016, 264159017, 264159019, 264159101, 264159102, 264159103, 264159104, 264159105, 264159106"
HT5002,5306,"264159107, 264159108, 264159109, 264159110, 264159111, 264159112, 264159113, 264159114, 264159115, 264159117, 264159119, 264159120, 266106021, 266159001, 266159002, 266159004, 266159005, 266159009, 266152002"
LS5004,5402,"266155001, 266155002, 266155003, 266155004, 266155005"
MA1221,2201,"250123025, 250123043, 250123047, 250123001, 250123002, 250123003, 250123004, 250123005, 250123006, 250123007, 250123008, 250123009, 250123010, 250123011, 250123012, 250123013, 250123014, 250123015, 250123016, 250123017, 250123018, 250123019, 250123020, 250123021, 250123022, 250123023, 250123024, 250123026, 250123027, 250123028, 250123029, 250123030, 250123031, 250123032, 250123033, 250123034, 250123035"
MA1221,2203,"250123036, 250123037, 250123038, 250123039, 250123040, 250123041, 250123042, 250123044, 250123045, 250123046, 250123048, 250123049, 250123050, 250123051, 250123052, 250123054, 250123055, 250123056, 250123057, 250123058, 250123059, 250123060, 250123061, 250123062, 250123063, 250123064, 250123065, 250123066, 250123067, 250123068, 250123069, 250123070, 250123071, 250123072, 250123073"
MA4122,4201,"262123005, 262123030 , 262123001, 262123002, 262123003, 262123004, 262123006, 262123007, 262123008, 262123009, 262123010, 262123011, 262123012, 262123013, 262123014, 262123015, 262123016, 262123017, 262123018, 262123019, 262123020, 262123021, 262123022, 262123023, 262123024, 262123025, 262123026, 262123028, 262123029, 262123101"
MA4122,4202,"262123102, 262123103, 262123104, 262123105, 262123106, 262123107, 262123108, 262123109, 262123110, 262123111, 262123112, 262123113, 262123114, 262123115, 262123116, 262123117, 262123118, 262123119, 262123120, 262123121, 262123122, 262123123, 262123124, 262123125 , 262123126, 262123127, 262123128"
MA4923,1201,"230123002, 230123001, 230123004, 230123005, 230123006, 230123007, 230123008, 230123009, 230123011, 230123012, 230123013, 230123014, 230123015, 230123016, 230123017, 230123018, 230123019, 230123020, 230123021, 230123022, 230123023, 230123024, 230123025, 230123026, 230123027"
MA4923,1202,"230123028, 230123029, 230123030, 230123031, 230123032, 230123033, 230123034, 230123035, 230123037, 230123038, 230123039, 230123040, 230123041, 230123042, 230123043, 230123044, 230123045, 230123046, 230123047, 230123048, 230123049, 230123050, 230123051, 230123052, 230123054"
MA4923,1205,"230123055, 230123056, 230123057, 230123058, 230123059, 230123060, 230123061, 230123062, 230123063, 230123065, 230123066, 230123068, 230123069, 230123070, 230123071, 230123072, 230123073, 230123074, 230123075, 230123076, 230123077, 230123078, 230123079, 230123080, 230123081, 230123082, 230123083, 230123084"
MA5301H,5303,"264161002, 264161003, 264161004, 264161005, 264161006, 264161007, 264161009, 264161010, 264161011, 264161012, 264161013, 264161014, 264161015, 264161016, 264161017, 264161018, 264161019, 264161020, 264161021"
ME2101,1201,"250103001, 250103002, 250103003, 250103004, 250103005, 250103006, 250103007, 250103009, 250103010, 250103011, 250103012, 250103013, 250103014, 250103015, 250103016, 250103018, 250103019, 250103020, 250103021, 250103022, 250103023, 250103024, 250103025, 250103027, 250103028, 250103030, 250103031, 250103032, 250103033, 250103034"
ME2101,1202,"250103035, 250103036, 250103037, 250103038, 250103039, 250103040, 250103041, 250103042, 250103044, 250103045, 250103046, 250103047, 250103048, 250103049, 250103050, 250103051, 250103052, 250103053, 250103054, 250103055, 250103056, 250103057, 250103058, 250103059, 250103060, 250103061, 250103063, 250103064, 250103065, 250103066"
ME2101,1203,"250103067, 250103068, 250103069, 250103070, 250103071, 250103072, 250103073, 250103074, 250103075, 250103076, 250103077, 250103078, 250103079, 250103080, 250103081, 250103082, 250103083, 250103084, 250103085, 250103086, 250103087, 250103088, 250103089, 250103090, 250103091, 250103092, 250103093, 250103094, 250103095, 250103096"
ME2101,1204,"250103097, 250103098, 250103099, 250103100, 250103101, 250103102, 250103103, 250103104, 250103105, 250103106, 250103107, 250103108, 250103109, 250103110, 250103111, 250103112, 250103113, 250103114, 250103115, 250103116, 250103117, 250103118, 250103119, 250103120, 240103048, 240104110"
ME6609,5401,"264103210, 264103211, 264103213, 264103214, 256103106, 266103005, 266103014, 266151007, 230101005, 230101080, 230101007, 230101008, 230101011, 230101023, 230101031, 230101037, 230101042, 230101043, 230101048, 230101054, 230101057, 230101060, 230101065, 230101066, 230101074, 230101088, 230101101"
ME6609,5402,"230101109, 230101111, 230103003, 230103004, 230103006, 230103007, 230103009, 230103011, 230103013, 230103014, 230103016, 230103018, 230103019, 230103020, 230103021, 230103022, 230103024, 230103027, 230103028, 230103032, 230103034, 230103035, 230103037, 230103038, 230103040, 230103043, 230103048"
ME6609,5403,"230103050, 230103051, 230103052, 230103055, 230103056, 230103057, 230103060, 230103062, 230103063, 230103067, 230103069, 230103070, 230103071, 230103074, 230103076, 230103078, 230103080, 230103082, 230103084, 230103093, 230103098, 230103101, 230103104, 230103106, 230103107, 230103108, 230103109"
ME6609,5404,"230103112, 230103114, 230103115, 230103117, 230103122, 230103126, 230103129, 230103130, 230106019, 230106032, 230106058, 230106059, 230106063, 230106068, 230106083, 254156005, 254156017, 256103005"
PH2520,1203,"250121001, 250121002, 250121003, 250121004, 250121005, 250121006, 250121007, 250121008, 250121009, 250121010, 250121011, 250121012, 250121014, 250121015, 250121016, 250121017, 250121018, 250121019, 250121020, 250121021, 250121023, 250121024, 250121025, 250121026, 250121027, 250121028, 250121029, 250121030, 250121031, 250121032"
PH2520,1205,"250121033, 250121034, 250121035, 250121037, 250121038, 250121039, 250121040, 250121042, 250121043, 250121044, 250121045, 250121046, 250121047, 250121048, 250121049, 250121050, 250121053, 250121054, 250121055, 250121056, 250121057, 250121058, 250121060, 250121061, 250121063, 250121064, 250121065, 250121066, 250121067, 250121068, 240121046, 240121063, 240121067"
PH4050,4G1,"262121014, 262121001, 262121002, 262121003, 262121004, 262121005, 262121006, 262121007, 262121008, 262121009, 262121010, 262121011, 262121012, 262121013, 262121015, 262121016, 262121017, 262121018, 262121019, 262121021, 262121022, 262121023, 262121024, 262121025, 262121026, 262121027"
PH4050,4G2,"262121028, 262121029, 262121030, 262121031, 262121033, 262121034, 262121035, 262121036, 262121037, 262121038, 262121039, 262121040, 262121041, 262121042, 262121043, 262121044, 262121045, 262121046, 262121047, 262121048, 262121049, 262121050, 262121051, 262121052, 262121053, 262121054, 262121055 , 242121039, 252121017"
PH4150,4201,"230121003, 230121004, 230121005, 230121007, 230121009, 230121010, 230121011, 230121012, 230121013, 230121014, 230121015, 230121016, 230121017, 230121018, 230121019, 230121020, 230121021, 230121022, 230121023, 230121025, 230121026, 230121027, 230121028, 230121029, 230121030, 230121031, 230121032, 230121033, 230121034, 230121035"
PH4150,4202,"230121036, 230121037, 230121038, 230121039, 230121040, 230121041, 230121042, 230121043, 230121044, 230121045, 230121048, 230121049, 230121050, 230121051, 230121052, 230121054, 230121055, 230121056, 230121057, 230121058, 230121059, 230121060, 230121063, 230121064, 230121066, 230121067, 230121068, 230121069"
PH7030,5406,"256121101, 256121102, 266121006, 266121008, 266121009, 266121011, 266121015, 266121017, 266121027, 266121037"
RT5002,5405,"264154001, 264154002, 264154003, 264154004, 264154005, 264154006, 264154007, 264154008, 264154009, 264154010, 264154011, 256104103, 266104003, 266104009, 266107006, 266152007, 266152008, 266154001, 266154007, 266104006"
SS5102,5401,"266106006, 266106016, 266106026, 266152005, 266152006"
BM6043H,1205,"266124006, 250151006, 254024001, 254024003, 254024004, 254024005, 254024006, 254024007, 254024008, 254024009, 254024010, 254024011, 254024012, 254024013, 254024014, 254024015, 254024016, 254024017, 254024018, 254024019, 254024020, 254024021, 254024022"
BT3003,5004,"240106001, 240106002, 240106003, 240106004, 240106005, 240106006, 240106009, 240106010, 240106011, 240106012, 240106013, 240106015, 240106017, 240106018, 240106019, 240106020, 240106021, 240106022, 240106023, 240106024, 240106025, 240106028, 240106029, 240106030, 240106031"
BT3003,5005,"240106032, 240106033, 240106034, 240106035, 240106036, 240106037, 240106038, 240106039, 240106040, 240106041, 240106046, 240106047, 240106048, 240106049, 240106050, 240106051, 240106052, 240106053, 240106054, 240106055, 240106057, 240106058, 240106060, 240106061, 240106063"
BT3003,5006,"240106064, 240106065, 240106066, 240106067, 240106068, 240106069, 240106070, 240106072, 240106074, 240106075, 240106076, 240106077, 240106078, 240106079, 240106080, 240106081, 240106082, 240106083, 230106064, 230106008, 230106083"
BT6034,3202,"264106001, 264106008, 264106013, 264106014, 264106015, 264106018, 264106022, 264106029, 264106039, 264106101, 264106102, 264106105, 264106106, 256158101, 266106001, 266106003, 266106005, 266106008, 266106010, 266106011, 266106015, 266106018, 266106021, 266106022, 266106030, 266106032, 266106034, 266106036, 266106039, 266106040, 266106042, 266153004, 266153005, 266159004, 266159005, 266159006, 266159010"
BT6045,5404,"264106108, 264106109, 264106110, 266106006, 266106016, 266106026, 266107017, 266107019, 266122015, 266154005, 266154006, 266154008, 254106039, 266152002"
CE1104,5301,"260104001, 260104002, 260104003, 260104004, 260104005, 260104006, 260104007, 260104008, 260104009, 260104010, 260104011, 260104012, 260104013, 260104014, 260104015, 260104016, 260104017, 260104018, 260104019, 260104020, 260104021, 260104022, 260104023, 260104024"
CE1104,5302,"260104025, 260104026, 260104027, 260104028, 260104029, 260104030, 260104031, 260104032, 260104033, 260104034, 260104035, 260104036, 260104037, 260104038, 260104039, 260104040, 260104041, 260104042, 260104043, 260104044, 260104045, 260104046, 260104047, 260104048"
CE1104,5303,"260104049, 260104050, 260104051, 260104052, 260104053, 260104054, 260104055, 260104056, 260104057, 260104058, 260104059, 260104060, 260104061, 260104062, 260104063, 260104064, 260104065, 260104066, 260104067, 260104068, 260104069, 260104070, 260104071, 260104072"
CE1104,5304,"260104073, 260104074, 260104075, 260104076, 260104077, 260104078, 260104080, 260104081, 260104082, 260104083, 260104084, 260104085, 260104086, 260104087, 260104088, 260104089, 260104090, 260104091, 260104092, 260104093, 260104094, 260104095, 260104096, 260104097"
CE1104,5305,"260104098, 260104099, 260104100, 260104102, 260104103, 260104104, 260104105, 260104106, 260104107, 260104108, 260104109, 260104110, 260104111, 260104112, 260104113, 260104114, 260104115, 260104116"
CE3903,5403,"240104001, 240104002, 240104003, 240104004, 240104005, 240104006, 240104007, 240104008, 240104009, 240104011, 240104012, 240104013, 240104014, 240104015, 240104016, 240104018, 240104019, 240104020, 240104021, 240104022, 240104023, 240104024, 240104025, 240104027, 240104028, 240104029, 240104031"
CE3903,5404,"240104032, 240104033, 240104034, 240104035, 240104036, 240104037, 240104039, 240104040, 240104041, 240104042, 240104043, 240104044, 240104045, 240104046, 240104047, 240104048, 240104049, 240104050, 240104051, 240104052, 240104053, 240104054, 240104055, 240104056, 240104057, 240104058, 240104059"
CE3903,5405,"240104060, 240104061, 240104062, 240104063, 240104064, 240104065, 240104066, 240104067, 240104068, 240104069, 240104070, 240104071, 240104072, 240104073, 240104074, 240104075, 240104076, 240104077, 240104080, 240104081, 240104082, 240104083, 240104084, 240104085, 240104086, 240104087, 240104088"
CE3903,5406,"240104089, 240104090, 240104091, 240104093, 240104094, 240104096, 240104097, 240104098, 240104099, 240104101, 240104102, 240104103, 240104104, 240104106, 240104107, 240104108, 240104109, 240104110, 240104112, 240104113, 240104114, 240104115, 240104116"
CE5022,5402,"264104101, 264104102, 264104103, 264104104, 264104105, 264104106, 264104107, 264104108, 264104109, 264104110, 264104111, 264104112, 264104113, 264104114, 264104115"
CE5067,5401,"264104601, 264104603, 264104604, 264104605, 264104606, 264104607, 264104608, 264104609, 264104610, 264104611, 264104612, 264104613, 256104103, 266104003, 266104009, 266104016, 266152007, 266104006"
CE5093,5406,"264104001, 264104002, 264104003, 266104021"
CH1101H,5301,"260106001, 260106002, 260106003, 260106004, 260106005, 260106006, 260106008, 260106009, 260106010, 260106011, 260106012, 260106013, 260106016, 260106017, 260106018, 260106019, 260106020, 260106021, 260106022, 260106023, 260106024, 260106025, 260106026, 260106027, 260106029, 260106030"
CH1101H,5302,"260106031, 260106032, 260106033, 260106034, 260106035, 260106036, 260106037, 260106038, 260106039, 260106040, 260106041, 260106042, 260106043, 260106046, 260106047, 260106049, 260106050, 260106051, 260106052, 260106054, 260106055, 260106056, 260106057, 260106058, 260106059, 260106060"
CH1101H,5303,"260106061, 260106062, 260106064, 260106065, 260106066, 260106067, 260106068, 260106069, 260106070, 260106071, 260106072, 260106073, 260106074"
CH1104H,5304,"260123052, 260123057, 260123065, 260123070, 260123001, 260123002, 260123003, 260123004, 260123005, 260123006, 260123007, 260123008, 260123009, 260123010, 260123011, 260123012, 260123013, 260123014, 260123015, 260123016, 260123017, 260123018, 260123019, 260123020, 260123021"
CH1104H,5305,"260123022, 260123023, 260123024, 260123025, 260123026, 260123027, 260123028, 260123029, 260123030, 260123031, 260123032, 260123033, 260123034, 260123035, 260123036, 260123037, 260123038, 260123039, 260123040, 260123041, 260123042, 260123043, 260123044, 260123045, 260123046"
CH1104H,5306,"260123047, 260123048, 260123049, 260123050, 260123051, 260123053, 260123054, 260123055, 260123058, 260123059, 260123060, 260123061, 260123062, 260123063, 260123064, 260123066, 260123067, 260123068, 260123069, 260123071, 260123072"
CH1107H,1203,"260107005, 260107001, 260107002, 260107003, 260107004, 260107006, 260107008, 260107010, 260107011, 260107012, 260107013, 260107014, 260107015, 260107016, 260107017, 260107018, 260107019, 260107020, 260107021, 260107022, 260107023, 260107024, 260107025, 260107026, 260107027, 260107028, 260107029, 260107030, 260107031"
CH1107H,1204,"260107032, 260107033, 260107034, 260107035, 260107036, 260107037, 260107038, 260107039, 260107041, 260107042, 260107043, 260107044, 260107045, 260107046, 260107047, 260107049, 260107051, 260107052, 260107053, 260107054, 260107055, 260107056, 260107057, 260107058, 260107059, 260107060, 260107061, 260107062, 260107063"
CH1107H,1205,"260107064, 260107065, 260107066, 260107067, 260107068, 260107070, 260107072, 260107073, 260107074, 260107075, 260107076, 260107077, 260107078, 260107080, 260107081, 260107082, 260107083, 260107084, 260107085, 260107086, 260107087, 260107088, 260107089, 260107090, 260107091, 260107092"
CH1112,2201,"260122001, 260122002, 260122003, 260122004, 260122005, 260122006, 260122007, 260122008, 260122009, 260122010, 260122011, 260122012, 260122013, 260122015, 260122016, 260122017, 260122018, 260122019, 260122020, 260122021, 260122022, 260122023, 260122024, 260122025, 260122026, 260122027, 260122028, 260122029, 260122030, 260122031, 260122032, 260122033, 260122035, 260122036, 260122037"
CH1112,2202,"260122038, 260122039, 260122040, 260122041, 260122042, 260122043, 260122044, 260122045, 260122046, 260122047, 260122048, 260122049, 260122050, 260122051, 260122052, 260122053, 260122054, 260122055, 260122056, 260122057, 260122058, 260122059, 260122060"
CH3122,2203,"240122001, 240122002, 240122003, 240122004, 240122006, 240122007, 240122008, 240122009, 240122010, 240122011, 240122012, 240122013, 240122014, 240122015, 240122017, 240122018, 240122020, 240122021, 240122022, 240122023, 240122024, 240122025, 240122026, 240122027, 240122028, 240122029, 240122030, 240122031, 240122032, 240122033, 240122034, 240122035, 240122037, 240122039, 240122040"
CH3122,2204,"240122041, 240122042, 240122043, 240122044, 240122045, 240122046, 240122047, 240122048, 240122049, 240122050, 240122051, 240122052, 240122053, 240122055, 240122056, 240122057, 240122058, 240122059, 240122061, 240122063, 240122064, 240122065, 240122066"
CH7153,5402,"266122006, 266122016, 266122021, 266122025"
CL3001,1201,"240107001, 240107002, 240107003, 240107004, 240107008, 240107009, 240107010, 240107011, 240107013, 240107014, 240107015, 240107016, 240107017, 240107018, 240107019, 240107021, 240107023, 240107024, 240107025, 240107028, 240107029, 240107030, 240107032, 240107033, 240107034, 240107036, 240107037, 240107040"
CL3001,1202,"240107042, 240107043, 240107044, 240107046, 240107047, 240107048, 240107049, 240107050, 240107051, 240107052, 240107053, 240107054, 240107056, 240107057, 240107058, 240107059, 240107060, 240107062, 240107064, 240107065, 240107066, 240107067, 240107068, 240107069, 240107072, 240107074, 240107075, 240107076"
CL3001,1203,"240107077, 240107078, 240107079, 240107080, 240107081, 240107082, 240107083, 240107084, 240107085, 240107086, 240107087, 240107088, 240107089, 240107090, 240107091, 240107092, 240107093, 240107094, 240107095, 240107096, 240107097, 240107098, 240107099, 240107100, 240107101, 240107103"
CL6014,2201,"230107028, 230107003, 230107005, 230107006, 230107007, 230107008, 230107009, 230107010, 230107012, 230107013, 230107014, 230107016, 230107017, 230107019, 230107021, 230107022, 230107026, 230107027, 230107029, 230107031, 230107032, 230107035, 230107038, 230107039, 230107040, 230107041, 230107042, 230107043, 230107044, 230107047, 230107050, 230107053, 230107054, 230107055, 230107056, 230107057"
CL6014,2203,"230107058, 230107059, 230107063, 230107064, 230107065, 230107066, 230107068, 230107069, 230107070, 230107071, 230107072, 230107075, 230107076, 230107078, 230107079, 230107080, 230107082, 230107083, 230107084, 230107085, 230107086, 230107091, 230107094, 230107097, 230107098, 230107099, 230107100, 230107101, 230107102, 230107104, 230107106, 230107107, 230107108, 230107109"
CS3105,5301,"240101003, 240101005, 240101026, 240101101, 240101104, 240123045, 240101001, 240101002, 240101004, 240101006, 240101007, 240101008, 240101009, 240101010, 240101011, 240101012, 240101013, 240101014, 240101015, 240101016, 240101017, 240101018, 240101019, 240101020, 240101021, 240101022, 240101023"
CS3105,5302,"240101024, 240101025, 240101027, 240101028, 240101029, 240101030, 240101031, 240101032, 240101033, 240101034, 240101035, 240101036, 240101037, 240101038, 240101039, 240101040, 240101041, 240101042, 240101043, 240101044, 240101045, 240101046, 240101047, 240101048, 240101049, 240101050, 240101051"
CS3105,5303,"240101052, 240101053, 240101054, 240101055, 240101056, 240101057, 240101058, 240101059, 240101060, 240101061, 240101062, 240101063, 240101064, 240101065, 240101066, 240101067, 240101068, 240101069, 240101070, 240101071, 240101072, 240101073, 240101074, 240101075, 240101076, 240101077, 240101078"
CS3105,5304,"240101079, 240101080, 240101081, 240101082, 240101083, 240101084, 240101085, 240101086, 240101087, 240101088, 240101089, 240101090, 240101091, 240101092, 240101093, 240101094, 240101095, 240101096, 240101097, 240101098, 240101099, 240101100, 240101102, 240101103, 240101105, 240101106, 240101107"
CS3105,5305,"240101108, 240101109, 240101110, 240101111, 240101112, 240101113, 240101114, 240101115, 240101116, 240101117, 240101118, 240101119, 240101120, 240101121, 240101122, 240101123, 240101124, 240101125, 240123001, 240123002, 240123003, 240123004, 240123005, 240123006, 240123007, 240123008, 240123009"
CS3105,5306,"240123010, 240123011, 240123012, 240123013, 240123014, 240123015, 240123016, 240123017, 240123018, 240123019, 240123020, 240123021, 240123022, 240123023, 240123024, 240123025, 240123026, 240123027, 240123028, 240123029, 240123030, 240123031, 240123032, 240123033, 240123034, 240123035, 240123036"
CS3105,5401,"240123037, 240123038, 240123039, 240123040, 240123041, 240123042, 240123043, 240123044, 240123046, 240123047, 240123048, 240123049, 240123050, 240123051, 240123052, 240123053, 240123054, 240123055, 240123056, 240123057, 240123058, 240123059, 240123060, 240123061, 240123062, 240123063, 240123064"
CS3105,5402,"240123065, 240123066, 240123067, 240123068, 240123069, 240123070, 240123071, 240123072, 240123073, 240123074, 240123075, 240123076, 240123077, 240123078, 240123079, 220101013, 220101052, 220101055, 220101081, 230101103"
DA1102,2203,"260150004, 260150032, 260150049, 260150001, 260150002, 260150003, 260150005, 260150006, 260150007, 260150008, 260150009, 260150010, 260150011, 260150012, 260150013, 260150014, 260150015, 260150016, 260150017, 260150018, 260150019, 260150020, 260150021, 260150022, 260150023, 260150024, 260150026, 260150027, 260150028, 260150029, 260150030, 260150031, 260150033, 260150034, 260150035"
DA1102,2204,"260150036, 260150037, 260150038, 260150039, 260150040, 260150041, 260150042, 260150043, 260150044, 260150045, 260150046, 260150047, 260150048, 260150050, 260150051, 260150052, 260150053, 260150054, 260150055, 260150056, 260150057, 260150058, 260150059, 260150060"
DA3031,5405,"240150001, 240150002, 240150003, 240150004, 240150005, 240150006, 240150007, 240150008, 240150009, 240150010, 240150012, 240150013, 240150014, 240150015, 240150016, 240150018, 240150019, 240150020, 240150021, 240150022, 240150023, 240150024, 240150025, 240150026, 240150027"
DA3031,5406,"240150029, 240150030, 240150031, 240150032, 240150033, 240150035, 240150036, 240150037, 240150038, 240150040, 240150041, 240150042, 240150043, 240150044, 240150045, 240150046, 240150047, 240150048, 240150049"
DD5510,5403,"254205016, 256105009"
EE1113,1201,"260102023, 260102074, 260102084, 260102102, 260102001, 260102002, 260102003, 260102004, 260102005, 260102006, 260102007, 260102008, 260102009, 260102010, 260102011, 260102012, 260102013, 260102014, 260102015, 260102016, 260102017, 260102018, 260102019, 260102020, 260102021, 260102022, 260102024, 260102025"
EE1113,1202,"260102026, 260102027, 260102028, 260102029, 260102030, 260102031, 260102032, 260102033, 260102034, 260102035, 260102036, 260102037, 260102039, 260102040, 260102041, 260102042, 260102043, 260102044, 260102045, 260102046, 260102047, 260102048, 260102049, 260102050, 260102051, 260102052, 260102053, 260102054"
EE1113,1203,"260102055, 260102056, 260102057, 260102058, 260102059, 260102060, 260102061, 260102062, 260102063, 260102064, 260102065, 260102066, 260102067, 260102068, 260102069, 260102070, 260102071, 260102072, 260102073, 260102075, 260102076, 260102077, 260102078, 260102079, 260102080, 260102081, 260102082, 260102083"
EE1113,1204,"260102085, 260102086, 260102087, 260102088, 260102089, 260102090, 260102091, 260102092, 260102093, 260102094, 260102095, 260102096, 260102097, 260102098, 260102099, 260102100, 260102101, 260102103, 260102104, 260102105, 220102104, 230102097"
EE1115,2201,"260102203, 260102214, 260102238, 260102201, 260102202, 260102204, 260102205, 260102206, 260102207, 260102208, 260102209, 260102210, 260102211, 260102212, 260102213, 260102215, 260102216, 260102217, 260102218, 260102219, 260102220, 260102221, 260102222, 260102223, 260102224, 260102225, 260102226, 260102227, 260102228, 260102229, 260102230, 260102231, 260102232, 260102233, 260102234"
EE1115,2202,"260102235, 260102236, 260102237, 260102239, 260102240, 260102241, 260102242, 260102243, 260102244, 260102245, 260102246, 260102247, 260102248, 260102249, 260102250, 260102251, 260102252, 260102253, 260102254, 260102255, 260102256, 260102257, 260102258, 260102259, 260102260, 260102261"
EE3002,5301,"240102019, 240102098, 240102250, 230102029, 240102001, 240102002, 240102003, 240102004, 240102005, 240102006, 240102007, 240102008, 240102009, 240102010, 240102011, 240102012, 240102013, 240102014, 240102015, 240102016, 240102018, 240102020, 240102021, 240102022, 240102023, 240102024, 240102025"
EE3002,5302,"240102027, 240102028, 240102029, 240102031, 240102032, 240102033, 240102034, 240102036, 240102037, 240102038, 240102039, 240102040, 240102041, 240102042, 240102043, 240102044, 240102045, 240102046, 240102047, 240102048, 240102049, 240102050, 240102051, 240102052, 240102053, 240102055, 240102057"
EE3002,5303,"240102058, 240102059, 240102060, 240102061, 240102062, 240102063, 240102064, 240102065, 240102066, 240102067, 240102068, 240102069, 240102070, 240102071, 240102074, 240102075, 240102076, 240102078, 240102079, 240102080, 240102081, 240102082, 240102083, 240102084, 240102085, 240102086, 240102087"
EE3002,5304,"240102089, 240102090, 240102091, 240102092, 240102093, 240102094, 240102095, 240102099, 240102100, 240102101, 240102102, 240102103, 240102104, 240102105, 240102106, 240102107, 240102108, 240102109, 240102110, 240102111, 240102112, 240102113, 240102114, 240102115, 240102116, 240102117, 240102118"
EE3002,5305,"240102119, 240102120, 240102121, 240102122, 240102123, 240102124, 240102125, 240102126, 240102201, 240102202, 240102203, 240102206, 240102207, 240102208, 240102209, 240102210, 240102211, 240102212, 240102213, 240102214, 240102215, 240102216, 240102217, 240102220, 240102221, 240102224, 240102225"
EE3002,5306,"240102226, 240102227, 240102228, 240102229, 240102230, 240102231, 240102232, 240102233, 240102234, 240102235, 240102237, 240102238, 240102239, 240102240, 240102241, 240102242, 240102243, 240102244, 240102245, 240102246, 240102247, 240102249, 240102251, 240102252, 240102257, 240102258, 240102259"
EE3002,5401,"240102260, 240102261, 240102262, 240102263, 240102264, 240102265, 240102266, 240102267, 240102268, 240102269, 240102270, 240102271, 240102272, 240102273, 240102274, 240102275, 240102276, 240102277, 240102278, 240102279, 230108013"
EE5239,2202,"264102207, 264102208, 264102401, 264102408, 264102415, 264102416, 264102418, 264102419, 266102007, 266102012, 230102010, 230102015, 230102026, 230102044, 230102047, 230102048, 230102051, 230102054, 230102057, 230102060, 230102081, 230102085, 230102090, 230102094, 230102099, 230102107, 230102108, 230102111, 230102112, 230102113"
EE5239,2204,"230102114, 230102118, 230102119, 230102121, 230108003, 230108010, 230108011, 230108033, 230108036, 230108043, 230108048, 230108051, 230108058, 230108059, 230108062, 230108071, 230121020, 230121060, 236302002, 254102209, 254102410, 236102115"
EE5336,1201,"264102301, 264102303, 264102304, 264102306, 264102307, 264102308, 264102309, 264102310, 264102312, 264102313, 264102314, 264102315, 264102316, 264102317, 264102318, 264102319, 264102320, 266102005, 266102011, 266102015, 266102033, 266150005, 230108030, 230102001, 230102003, 230102004, 230102017, 230102021, 230102022, 230102031"
EE5336,1202,"230102037, 230102040, 230102045, 230102049, 230102052, 230102063, 230102068, 230102083, 230102101, 230102102, 230102103, 230102105, 230102109, 230102117, 230108001, 230108012, 230108016, 230108019, 230108021, 230108022, 230108026, 230108034, 230108038, 230108039, 230108040, 230108041, 230108042, 230108054, 230108057, 230108061"
EE5336,1204,"230108065, 230108067, 230108068, 230108069, 230108072, 230108073, 230108076, 230108079, 230108080, 230121003, 230121004, 230121014, 230121023, 230121025, 230121032, 230121033, 230121037, 230121059, 230121063, 230121064, 230121067, 254156017, 256156003, 256101016, 256104018"
EE5538,5001,"256102107, 266102018, 266102023, 266152008, 210102014, 254103408, 256102009"
EN3104,5402,"240151001, 240151002, 240151003, 240151004, 240151005, 240151006, 240151007, 240151008, 240151009, 240151010, 240151011, 240151013, 240151014, 240151015, 240151016, 240151018, 240151020"
EN5104,5401,"264351001, 264351002, 264351005, 264351006, 264351007, 264351008, 264351009, 264351011, 264351013, 264351014, 266151001, 266151004, 266151005, 266151006, 266151007, 266151008, 266151009"
HS5208,5002,"266141006, 266141016, 266141017, 252241001, 252241002, 252241004, 252241006, 252241007, 252241008, 252241009, 252241010, 252241011, 252241012, 252241014, 252241015, 252241017, 252241018, 252241019, 252241020, 252241021, 252241022, 252241023, 252241025, 252241026, 252241027"
HS5208,5003,"252241028, 252241029, 252241032, 252241033, 252241034, 252241035, 252241036, 252241037, 252241038, 252241040, 252241041, 252241042, 252241043, 252241103, 252241108, 252241111, 256141015"
HT1103,5403,"260359001, 260359002, 260359003, 260359004, 260359005, 260359006, 260359007, 260359008, 260359009, 260359010, 260359011, 260359012, 260359014 , 260359015 , 260359016 , 260359017 , 260359018, 260359019, 260359020, 260359021, 260359022"
MA4127,1205,"252123105, 252123117, 252123101, 252123102, 252123103, 252123104, 252123106, 252123107, 252123108, 252123109, 252123110, 252123111, 252123112, 252123113, 252123114, 252123115, 252123116, 252123118, 252123119, 252123120, 252123121, 252123122, 252123123, 252123124, 252123125, 252123126, 252123127, 252123128, 252123129, 252123130"
MA4172,3202,"256123103, 252123005, 252123001, 252123002, 252123003, 252123004, 252123006, 252123007, 252123008, 252123009, 252123010, 252123011, 252123012, 252123013, 252123014, 252123015, 252123016, 252123017, 252123018, 252123019, 252123020, 252123021, 252123022, 252123023, 252123024, 252123025, 252123026, 252123027, 252123028, 252123030, 256101011, 256123011"
MA6003,5405,"266123001, 266123002, 266123003, 266123007, 266123008, 266123009, 266123010, 266123011, 266123012, 266123013, 266123015, 266123016, 266123017"
ME1112,1201,"260103094, 260103001, 260103002, 260103003, 260103004, 260103005, 260103006, 260103007, 260103008, 260103009, 260103010, 260103011, 260103012, 260103013, 260103015, 260103016, 260103017, 260103018, 260103019, 260103020, 260103021, 260103022, 260103023, 260103024, 260103026, 260103027, 260103028, 260103029, 260103030, 260103031"
ME1112,1203,"260103032, 260103033, 260103034, 260103035, 260103036, 260103037, 260103038, 260103039, 260103040, 260103041, 260103042, 260103043, 260103045, 260103046, 260103047, 260103048, 260103049, 260103050, 260103051, 260103052, 260103053, 260103054, 260103055, 260103056, 260103057, 260103058, 260103059, 260103060, 260103061, 260103062"
ME1112,1204,"260103063, 260103064, 260103065, 260103066, 260103067, 260103068, 260103069, 260103070, 260103071, 260103072, 260103073, 260103074, 260103075, 260103076, 260103077, 260103078, 260103079, 260103080, 260103081, 260103082, 260103083, 260103084, 260103085, 260103086, 260103087, 260103088, 260103089, 260103090, 260103091, 260103092"
ME1112,1205,"260103093, 260103095, 260103096, 260103097, 260103098, 260103099, 260103100, 260103101, 260103102, 260103103, 260103104, 260103105, 260103106, 260103107, 260103108, 260103109, 260103110, 260103111, 260103112, 260103113, 260103114, 260103115, 260103116, 260103117, 230103011"
ME3312,5403,"240103051, 240103001, 240103002, 240103003, 240103004, 240103005, 240103006, 240103007, 240103008, 240103009, 240103010, 240103011, 240103012, 240103013, 240103015, 240103017, 240103018, 240103019, 240103020, 240103022, 240103023, 240103024, 240103025, 240103027, 240103028, 240103029, 240103031"
ME3312,5404,"240103032, 240103033, 240103034, 240103035, 240103036, 240103037, 240103038, 240103039, 240103040, 240103041, 240103042, 240103045, 240103046, 240103047, 240103048, 240103049, 240103050, 240103052, 240103053, 240103054, 240103055, 240103056, 240103057, 240103058, 240103059, 240103060, 240103061"
ME3312,5405,"240103062, 240103063, 240103065, 240103066, 240103067, 240103068, 240103069, 240103070, 240103071, 240103072, 240103073, 240103075, 240103076, 240103078, 240103079, 240103080, 240103081, 240103082, 240103083, 240103084, 240103085, 240103086, 240103089, 240103090, 240103092, 240103093, 240103094"
ME3312,5406,"240103097, 240103098, 240103099, 240103100, 240103101, 240103102, 240103103, 240103104, 240103108, 240103109, 240103110, 240103111, 240103112, 240103113, 240103115, 240103117, 240103118, 240103120, 240103121, 240103122, 240103123, 240103124, 240103125"
PH3050,2201,"240121001, 240121003, 240121006, 240121007, 240121009, 240121010, 240121011, 240121012, 240121014, 240121015, 240121016, 240121017, 240121019, 240121020, 240121021, 240121022, 240121023, 240121024, 240121025, 240121026, 240121027, 240121028, 240121030, 240121031, 240121032, 240121033, 240121034, 240121036, 240121037, 240121038, 240121039, 240121040"
PH3050,2202,"240121041, 240121042, 240121043, 240121044, 240121045, 240121046, 240121047, 240121048, 240121049, 240121053, 240121054, 240121055, 240121056, 240121057, 240121058, 240121060, 240121062, 240121063, 240121064, 240121065, 240121066, 240121067, 240121068, X250101117"
PH4105,2203,"252121001, 252121002, 252121003, 252121004, 252121005, 252121006, 252121007, 252121008, 252121009, 252121010, 252121011, 252121012, 252121013, 252121015, 252121016, 252121017, 252121018, 252121019, 252121020, 252121021, 252121022, 252121023, 252121024, 252121025, 252121027, 252121028, 252121029, 252121030, 252121031, 252121032, 252121033, 252121034"
PH4105,2204,"252121035, 252121036, 252121037, 252121038, 252121039, 252121040, 252121041, 252121042, 252121043, 252121044, 252121045, 252121046, 252121047, 252121049, 252121050, 252121051, 252121052, 252121053, 252121055, 252121056, 252121057, 252121058, 242121039, 242121049"
BM5104H,3202,"264024001, 264024003, 264024004, 264024005, 264024006, 264024008, 264024009, 264024010, 264024011, 264024012, 264024013, 264024014, 264024016, 264024017, 264024018, 264024019, 264024020, 264024021, 264024022, 264024023, 264024024, 264024025, 264024026, 264024027, 256124102, 266124001, 266124002, 266124003, 266124004, 266124005, 266124007, 266124008, 240101090, 254106024, 252241017"
BT2102,2201,"250106001, 250106002, 250106003, 250106004, 250106007, 250106008, 250106009, 250106010, 250106011, 250106012, 250106013, 250106014, 250106015, 250106016, 250106017, 250106019, 250106020, 250106021, 250106023, 250106024, 250106025, 250106026, 250106027, 250106028, 250106029, 250106030, 250106032, 250106033, 250106034, 250106035, 250106036, 250106037, 250106038, 250106039, 250106040, 250106041"
BT2102,2203,"250106042, 250106044, 250106045, 250106046, 250106047, 250106048, 250106050, 250106051, 250106052, 250106053, 250106054, 250106055, 250106056, 250106057, 250106058, 250106059, 250106060, 250106061, 250106062, 250106064, 250106065, 250106066, 250106067, 250106068, 250106069, 250106070, 250106071, 250106072, 250106073, 250106074, 250106075, 250106076, 250106077, 250106078, 250106079"
BT4412,3202,"230106001, 230106002, 230106003, 230106005, 230106007, 230106008, 230106010, 230106017, 230106020, 230106021, 230106022, 230106023, 230106026, 230106029, 230106032, 230106040, 230106044, 230106046, 230106051, 230106052, 230106053, 230106055, 230106058, 230106059, 230106061, 230106063, 230106064, 230106075, 230106076, 230106078, 230106083, 230106084, 200106077"
BT4418,4G2,"230106018, 230106028, 230106035, 230106043, 230106050, 230106065, 230106068, 230106071, 230106073, 254106037"
BT5102,2203,"264106001, 264106002, 264106003, 264106004, 264106005, 264106006, 264106007, 264106008, 264106009, 264106010, 264106011, 264106012, 264106013, 264106014, 264106015, 264106016, 264106017, 264106018, 264106019, 264106020, 264106021, 264106022, 264106025, 264106026, 264106027, 264106028, 264106029, 264106030, 264106031, 264106032, 264106033, 264106034, 264106035, 264106036, 264106037"
BT5102,2204,"264106038, 264106039, 264106040, 264106041, 264106042, 264106043, 264106044, 266106002, 266106003, 266106009, 266106012, 266106013, 266106014, 266106015, 266106018, 266106019, 266106023, 266106025, 266106028, 266106031, 266106033, 266106035, 266106038, 266106039"
CE2101,1201,"250104001, 250104003, 250104004, 250104005, 250104007, 250104008, 250104009, 250104010, 250104011, 250104012, 250104013, 250104014, 250104015, 250104016, 250104017, 250104018, 250104019, 250104020, 250104021, 250104022, 250104023, 250104024, 250104025, 250104026, 250104027, 250104028, 250104029, 250104030, 250104031, 250104032"
CE2101,1202,"250104033, 250104034, 250104035, 250104036, 250104037, 250104038, 250104039, 250104040, 250104041, 250104042, 250104043, 250104044, 250104045, 250104046, 250104047, 250104048, 250104049, 250104050, 250104051, 250104052, 250104053, 250104054, 250104055, 250104056, 250104057, 250104058, 250104059, 250104060, 250104061, 250104062"
CE2101,1203,"250104063, 250104064, 250104065, 250104066, 250104067, 250104068, 250104069, 250104070, 250104071, 250104072, 250104073, 250104074, 250104075, 250104076, 250104077, 250104078, 250104079, 250104080, 250104081, 250104082, 250104083, 250104084, 250104085, 250104086, 250104087, 250104088, 250104089, 250104090, 250104091, 250104092"
CE2101,1204,"250104093, 250104094, 250104095, 250104096, 250104097, 250104098, 250104099, 250104100, 250104101, 250104102, 250104103, 250104104, 250104105, 250104106, 250104107, 250104108, 250104109, 250104110, 250104111, 250104112, 250104113, 250104114, 250104115, 250104116, 250104117"
CE5002,5002,"264104401, 264104402, 264104403, 264104404, 264104405, 264104406, 264104407, 264104408, 264104409, 264104410, 264104411, 264104412, 264104413, 264104414, 264104415, 264104416, 264104417, 264104418, 264104419, 264104420, 264104421, 264104422, 264104423, 264104424, 264104425, 256104107, 266104004, 266104008, 266104011, 266104024, 234104430"
CE6012,5406,"264104309, 264104301, 264104302, 264104303, 264104304, 264104305, 264104306, 264104307, 264104308, 266104010, 266104015, 230104017, 230104020, 230104024, 230104031, 230104035, 230104037, 230104040, 230104043, 230104088, 230104098, 230104107"
CE6042,5303,"264104201, 264104203, 264104204, 264104205, 264104206, 264104207, 264104208, 264104209, 264104210, 264104211, 264104212, 264104213, 264104214, 264104216, 264104217, 264104218, 264104219, 264104220, 256104111, 266104001, 266104007, 266104022, 230104009, 230104011, 230104016, 230104027"
CE6042,5304,"230104030, 230104032, 230104036, 230104044, 230104045, 230104056, 230104057, 230104059, 230104066, 230104067, 230104069, 230104071, 230104075, 230104090, 230104091, 230104108, 230104111, 230104112, 264104202, 266104006, 256104018"
CE6052,5305,"264104001, 264104002, 264104003, 256104105, 256148101"
CH4122,4G2,"230122002, 230122016, 230122024, 230122027, 230122045, 230122049, 230122050, 230122060, 220122022"
CH4153,2203,"262122035, 262122001, 262122002, 262122003, 262122004, 262122005, 262122006, 262122007, 262122008, 262122009, 262122010, 262122011, 262122012, 262122013, 262122014, 262122015, 262122016, 262122017, 262122018, 262122019, 262122020, 262122021, 262122022, 262122023, 262122024, 262122025, 262122026, 262122027, 262122028, 262122029, 262122030, 262122031, 262122032, 262122033, 262122034"
CH4153,2204,"262122036, 262122037, 262122038, 262122039, 262122040, 262122041, 262122042, 262122043, 262122044, 262122045, 262122046, 262122047, 262122048, 262122049, 262122050, 262122051, 262122052, 262122053, 262122054, 262122055, 262122056, 262122057, 262122058, 262122059"
CH5153,2201,"252122022, 252122001, 252122002, 252122003, 252122004, 252122005, 252122006, 252122008, 252122009, 252122010, 252122011, 252122012, 252122013, 252122014, 252122015, 252122016, 252122017, 252122018, 252122019, 252122020, 252122021, 252122023, 252122024, 252122025, 252122026, 252122027, 252122028, 252122029, 252122030, 252122031, 252122032, 252122033, 252122034, 252122035, 252122036"
CH5153,2202,"252122037, 252122038, 252122039, 252122040, 252122041, 252122042, 252122043, 252122044, 252122045, 252122046, 252122047, 252122048, 252122049, 252122050, 252122051, 252122052, 252122053, 252122054, 252122055, 252122056, 252122057, 252122058, 252122059, 252122060"
CL2102,1203,"250107038, 250107001, 250107002, 250107003, 250107004, 250107006, 250107007, 250107008, 250107009, 250107010, 250107011, 250107012, 250107013, 250107014, 250107015, 250107016, 250107017, 250107018, 250107019, 250107020, 250107021, 250107022, 250107023, 250107024, 250107025, 250107026, 250107027, 250107028, 250107029, 250107030"
CL2102,1204,"250107031, 250107032, 250107033, 250107034, 250107035, 250107036, 250107037, 250107039, 250107040, 250107041, 250107042, 250107043, 250107044, 250107045, 250107046, 250107047, 250107048, 250107049, 250107050, 250107051, 250107052, 250107053, 250107054, 250107055, 250107056, 250107057, 250107058, 250107059, 250107061, 250107062"
CL2102,1205,"250107063, 250107064, 250107066, 250107067, 250107068, 250107069, 250107070, 250107071, 250107072, 250107073, 250107074, 250107075, 250107076, 250107077, 250107078, 250107079, 250107080, 250107081, 250107082, 250107083, 250107084, 250107085, 250107086, 250107087, 250107088, 250107089, 250107090, 250107091, 250107092"
CL2104,2201,"250122001, 250122002, 250122003, 250122004, 250122005, 250122006, 250122007, 250122008, 250122009, 250122010, 250122011, 250122012, 250122013, 250122014, 250122016, 250122017, 250122018, 250122019, 250122020, 250122021, 250122022, 250122023, 250122024, 250122025, 250122026, 250122027, 250122028, 250122029, 250122030, 250122031, 250122032, 250122033, 250122034, 250122035, 250122037"
CL2104,2202,"250122038, 250122039, 250122040, 250122041, 250122042, 250122043, 250122044, 250122045, 250122046, 250122047, 250122048, 250122049, 250122050, 250122051, 250122052, 250122053, 250122054, 250122055, 250122057, 250122058, 250122059, 250122060, 250122061, 250122062, 250122063, 250122064, 250122065"
CL5101,4201,"264107001, 264107002, 264107003, 264107004, 264107005, 264107006, 264107007, 264107008, 264107009, 264107010, 264107011, 264107012, 264107013, 264107014, 264107015, 264107101, 264107102, 264107103, 264107104, 264107105, 264107106, 264107107, 264107108, 264107109, 264107110, 264107111, 264107112, 264107113"
CL5101,4202,"264107114, 264107115, 264107116, 264107117, 264107118, 264107119, 264107120, 264107121, 264107122, 264107123, 264107124, 264107125, 264107126, 264107127, 264107128, 264107129, 264107201, 264107202, 264107203, 264107205, 264107206, 264107207, 264107208, 264107209, 256107103, 266107002"
CS1116H,1201,"260101009, 260101030, 260101040, 260101048, 260101081, 260101104, 260101001, 260101002, 260101003, 260101004, 260101005, 260101006, 260101007, 260101008, 260101010, 260101011, 260101012, 260101013, 260101014, 260101015, 260101016, 260101017, 260101018, 260101019, 260101020, 260101021, 260101022, 260101023, 260101024, 260101025"
CS1116H,1202,"260101026, 260101027, 260101028, 260101029, 260101031, 260101032, 260101033, 260101034, 260101035, 260101036, 260101037, 260101038, 260101039, 260101041, 260101042, 260101043, 260101044, 260101045, 260101046, 260101047, 260101049, 260101050, 260101051, 260101052, 260101053, 260101054, 260101055, 260101056, 260101057, 260101058"
CS1116H,1203,"260101059, 260101060, 260101061, 260101062, 260101063, 260101064, 260101065, 260101066, 260101067, 260101068, 260101069, 260101070, 260101071, 260101072, 260101073, 260101074, 260101075, 260101076, 260101077, 260101078, 260101079, 260101080, 260101082, 260101083, 260101084, 260101085, 260101086, 260101087, 260101088, 260101089"
CS1116H,1204,"260101090, 260101091, 260101092, 260101093, 260101094, 260101095, 260101096, 260101097, 260101098, 260101099, 260101100, 260101101, 260101102, 260101103, 260101105, 260101106, 260101107, 260101108, 260101109, 260101110, 260101111, 260101112, 260101113, 260101114, 260101115, 230101076"
CS2201,1201,"250101056, 250101063, 250101089, 250101100, 250101001, 250101002, 250101003, 250101004, 250101005, 250101006, 250101007, 250101008, 250101009, 250101010, 250101011, 250101012, 250101013, 250101014, 250101015, 250101016, 250101017, 250101018, 250101019, 250101020, 250101021, 250101022, 250101023, 250101024, 250101025, 250101026"
CS2201,1202,"250101027, 250101028, 250101029, 250101030, 250101031, 250101032, 250101033, 250101034, 250101035, 250101036, 250101037, 250101038, 250101040, 250101041, 250101042, 250101043, 250101044, 250101045, 250101046, 250101047, 250101048, 250101049, 250101050, 250101051, 250101053, 250101054, 250101055, 250101057, 250101058, 250101059"
CS2201,1203,"250101060, 250101061, 250101062, 250101064, 250101065, 250101066, 250101067, 250101068, 250101069, 250101070, 250101071, 250101072, 250101073, 250101074, 250101075, 250101076, 250101077, 250101078, 250101079, 250101080, 250101081, 250101082, 250101083, 250101084, 250101085, 250101086, 250101087, 250101088, 250101090, 250101091"
CS2201,1204,"250101092, 250101093, 250101094, 250101095, 250101096, 250101097, 250101098, 250101099, 250101101, 250101102, 250101103, 250101104, 250101105, 250101106, 250101107, 250101109, 250101110, 250101111, 250101112, 250101113, 250101114, 250101115, 250101116, X250101117 , 220101081"
DA2141,5301,"250150002, 250150036, 250150041, 250150001, 250150003, 250150004, 250150005, 250150006, 250150007, 250150008, 250150009, 250150010, 250150011, 250150012, 250150013, 250150014, 250150015, 250150016, 250150017, 250150018, 250150020, 250150021, 250150022, 250150023, 250150024, 250150025"
DA2141,5302,"250150026, 250150027, 250150028, 250150029, 250150030, 250150031, 250150032, 250150033, 250150034, 250150035, 250150037, 250150038, 250150039, 250150040, 250150042, 250150043, 250150044, 250150045, 250150046, 250150047, 250150048, 250150050, 216101102"
DA4062,4G1,"230150002, 230150003, 230150004, 230150005, 230150007, 230150009, 230150010, 230150011, 230150012, 230150013, 230150014, 230150015, 230150016, 230150017, 230150018, 230150019, 230150020, 230150021, 230150022, 230150023, 230150025, 230150026, 230150027, 230150028, 230150029, 230150030, 230150031, 230150032, 230150033, 230150034"
DA5011H,5406,"264161002, 264161003, 264161004, 264161005, 264161006, 264161007, 264161009, 264161010, 264161011, 264161012, 264161013, 264161014, 264161015, 264161016, 264161017, 264161018, 264161019, 264161020, 264161021, 254161023"
DD1104,2203,"260205007, 260205032, 260205001, 260205002, 260205003, 260205004, 260205005, 260205006, 260205008, 260205009, 260205010, 260205011, 260205012, 260205013, 260205014, 260205015, 260205016, 260205017, 260205018, 260205019, 260205020, 260205021, 260205022, 260205023, 260205024, 260205025, 260205026, 260205027, 260205028, 260205029, 260205030, 260205031, 260205033, 260205034, 260205035"
DD1104,2204,"260205036, 260205037, 260205038, 260205039, 260205040, 260205041, 260205042, 260205043, 260205044, 260205045, 260205046, 260205047, 260205048, 260205049, 260205050, 260205051, 260205052, 260205054, 260205055, 260205056"
DD2105,4201,"250205036, 250205001, 250205003, 250205004, 250205005, 250205007, 250205008, 250205009, 250205010, 250205011, 250205012, 250205013, 250205014, 250205015, 250205016, 250205017, 250205018, 250205019, 250205020, 250205021, 250205022, 250205023, 250205025, 250205026, 250205027, 250205029, 250205030, 250205031"
DD2105,4202,"250205032, 250205033, 250205034, 250205035, 250205037, 250205038, 250205039, 250205040, 250205041, 250205042, 250205043, 250205044, 250205045, 250205046, 250205047, 250205048, 250205049, 250205050, 250205052, 250205053, 250205054, 250205055, 250205056"
DD3304S,1201,"240205038, 240205039, 240205001, 240205002, 240205003, 240205004, 240205005, 240205006, 240205007, 240205008, 240205009, 240205010, 240205011, 240205012, 240205013, 240205014, 240205015, 240205016, 240205017, 240205018, 240205019, 240205020, 240205021, 240205022, 240205023, 240205024, 240205025, 240205026, 240205027, 240205028"
DD3304S,1202,"240205029, 240205030, 240205031, 240205032, 240205033, 240205034, 240205035, 240205036, 240205037, 240205040, 240205041, 240205042, 240205044, 240205045, 240205046, 240205047, 240205048, 240205049, 240205050, 240205051, 240205052, 240205053, 240205054, 240205055, 240205056, 240205057"
DD5104,5301,"264205029, 264205001, 264205002, 264205003, 264205004, 264205005, 264205006, 264205007, 264205008, 264205009, 264205010, 264205011, 264205012, 264205013, 264205014, 264205015, 264205016, 264205017, 264205018, 264205019"
DD5104,5303,"264205020, 264205021, 264205022, 264205023, 264205024, 264205025, 264205026, 264205027, 264205028, 264205030, 264205031, 264205032, 264205033, 256105103, 266105001, 266105014, 266105016, 256105104, 256105001, 256105002"
EE2100,5301,"250102016, 250102028, 250102055, 250102065, 250102082, 250102090, 250102236, 250102245, 220102104, 230102029, 250102001, 250102002, 250102003, 250102004, 250102005, 250102006, 250102007, 250102008, 250102009, 250102010, 250102011, 250102012, 250102013, 250102014, 250102015"
EE2100,5302,"250102017, 250102018, 250102019, 250102020, 250102021, 250102022, 250102023, 250102024, 250102025, 250102026, 250102027, 250102029, 250102030, 250102031, 250102032, 250102033, 250102034, 250102035, 250102036, 250102037, 250102038, 250102039, 250102040, 250102041, 250102042"
EE2100,5303,"250102043, 250102044, 250102045, 250102046, 250102047, 250102048, 250102049, 250102050, 250102051, 250102052, 250102053, 250102054, 250102056, 250102057, 250102058, 250102059, 250102060, 250102061, 250102062, 250102063, 250102064, 250102066, 250102067, 250102068, 250102069"
EE2100,5304,"250102070, 250102071, 250102072, 250102073, 250102074, 250102075, 250102076, 250102077, 250102078, 250102080, 250102081, 250102083, 250102084, 250102085, 250102086, 250102087, 250102088, 250102089, 250102091, 250102092, 250102093, 250102094, 250102095, 250102096, 250102097"
EE2100,5305,"250102098, 250102099, 250102100, 250102101, 250102103, 250102104, 250102106, 250102107, 250102108, 250102201, 250102202, 250102203, 250102204, 250102205, 250102206, 250102207, 250102208, 250102209, 250102210, 250102211, 250102212, 250102213, 250102214, 250102215, 250102216"
EE2100,5306,"250102217, 250102218, 250102219, 250102220, 250102221, 250102222, 250102223, 250102224, 250102225, 250102226, 250102227, 250102228, 250102229, 250102230, 250102232, 250102233, 250102234, 250102235, 250102237, 250102238, 250102239, 250102240, 250102241, 250102242, 250102243"
EE2100,5401,"250102244, 250102246, 250102247, 250102248, 250102249, 250102250, 250102252, 250102253, 250102254, 250102255, 250102256, 250102257, 250102258, 250102259, 250102260, 250102261, 250102262, 250102263, 250102264"
EE5002,4G1,"264102001, 264102002, 264102004, 264102005, 264102006, 264102007, 264102008, 264102009, 264102010, 264102011, 264102012, 264102013, 264102014, 264102016, 264102017, 264102018, 264102019, 264102020, 256102101, 256102106, 266102008"
EE5103,5403,"264102101, 264102102, 264102103, 264102104, 264102105, 264102106, 264102107, 264102108, 264102109, 264102110, 264102111, 264102112, 264102113, 264102114, 264102115, 266102025, 266102027"
EE5201,5405,"264102201, 264102203, 264102204, 264102205, 264102206, 264102207, 264102208, 264102210, 266102026, 266159003"
EE5303,3202,"264102301, 264102302, 264102303, 264102304, 264102305, 264102306, 264102307, 264102308, 264102309, 264102310, 264102311, 264102312, 264102313, 264102314, 264102315, 264102316, 264102317, 264102318, 264102319, 264102320, 264102321, 256102103, 256102105, 266102005, 266102010, 266102013, 266102015, 266102019, 266102020, 266102024, 266102028, 266102029, 266102033"
EE5402,4G2,"264102417, 264102401, 264102402, 264102403, 264102404, 264102405, 264102406, 264102407, 264102408, 264102409, 264102410, 264102411, 264102412, 264102413, 264102414, 264102415, 264102416, 264102418, 264102419, 264102420, 266102004, 266102007, 266102012, 254102302"
EE5503,5404,"264102502, 264102503, 264102504, 264102505, 264102506, 264102507, 264102508, 264102509, 264102510, 256150102, 266102018, 266102023, 266150001, 266150003, 266150005, 266150007, 266152001"
EN2101,5406,"250151001, 250151002, 250151003, 250151004, 250151005, 250151006, 250151007, 250151008, 250151009, 250151010, 250151011, 250151012, 250151013, 250151014, 250151015, 250151016, 250151017, 250151018, 250151019, 250151020"
EN5102,5404,"264351001, 264351002, 264351005, 264351006, 264351007, 264351008, 264351009, 264351011, 264351013, 264351014, 256103110, 266151001, 266151004, 266151009"
FT6001,5001,"264162001, 264162002, 264162003, 264162004, 264162005, 264162006, 264162007, 256107102, 256107109, 256107111, 256107113, 266107003, 266107005, 266107006, 266107007, 266107010, 266107011, 266107022"
HS4003,4201,"262241001, 262241002, 262241003, 262241004, 262241005, 262241006, 262241007, 262241008, 262241009, 262241010, 262241011, 262241012, 262241013, 262241014, 262241015, 262241016, 262241017, 262241018, 262241019, 262241021, 262241022, 262241024, 262241025, 262241026, 262241027, 262241028, 262241029, 262241030"
HS4003,4202,"262241031, 262241032, 262241034, 262241035, 262241036, 262241037, 262241038, 262241039, 262241040, 262241041, 262241042, 262241043, 262241044, 262241045, 262241046, 262241047, 262241048, 262241049, 262241051, 262241052, 262241053, 262241054, 262241055"
HS4012,1G2,"262241102, 262241103, 262241104, 262241105, 262241107"
HS7035,1G1,256155101
HS7045,1G1,266141014
HS7071,1G1,"266141010, 266141017, 256141105"
HT5003,5305,"264159001, 264159002, 264159003, 264159004, 264159005, 264159006, 264159007, 264159008, 264159009, 264159010, 264159011, 264159012, 264159013, 264159014, 264159015, 264159016, 264159017, 264159019, 264159101, 264159102, 264159103, 264159104, 264159105, 264159106"
HT5003,5306,"264159107, 264159108, 264159109, 264159110, 264159111, 264159112, 264159113, 264159114, 264159115, 264159117, 264159119, 264159120, 266159001, 266159002, 266159009"
LS5006,5302,"256155102, 256155103, 266141013, 266155001, 266155002, 266155003, 266155004, 266155005"
MA2121,5304,"250123025, 250123043, 250123047, 250123001, 250123002, 250123003, 250123004, 250123005, 250123006, 250123007, 250123008, 250123009, 250123010, 250123011, 250123012, 250123013, 250123014, 250123015, 250123016, 250123017, 250123018, 250123019, 250123020, 250123021, 250123022, 250123023, 250123024"
MA2121,5305,"250123026, 250123027, 250123028, 250123029, 250123030, 250123031, 250123032, 250123033, 250123034, 250123035, 250123036, 250123037, 250123038, 250123039, 250123040, 250123041, 250123042, 250123044, 250123045, 250123046, 250123048, 250123049, 250123050, 250123051, 250123052, 250123054, 250123055"
MA2121,5306,"250123056, 250123057, 250123058, 250123059, 250123060, 250123061, 250123062, 250123063, 250123064, 250123065, 250123066, 250123067, 250123068, 250123069, 250123070, 250123071, 250123072, 250123073, 220101013, 220101084, 240101115, 220101052, 220101081, 240123069, 240123070"
MA4123,2202,"262123005, 262123030 , 262123001, 262123002, 262123003, 262123004, 262123006, 262123007, 262123008, 262123009, 262123010, 262123011, 262123012, 262123013, 262123014, 262123015, 262123016, 262123017, 262123018, 262123019, 262123020, 262123021, 262123022, 262123023, 262123024, 262123025, 262123026, 262123028, 262123029, 262123101"
MA4123,2204,"262123102, 262123103, 262123104, 262123105, 262123106, 262123107, 262123108, 262123109, 262123110, 262123111, 262123112, 262123113, 262123114, 262123115, 262123116, 262123117, 262123118, 262123119, 262123120, 262123121, 262123122, 262123123, 262123124, 262123125 , 262123126, 262123127, 262123128, 254156012"
MA4973,5401,"230123002, 230123001, 230123004, 230123005, 230123006, 230123007, 230123008, 230123009, 230123011, 230123012, 230123013, 230123014, 230123015, 230123016, 230123017, 230123018, 230123019, 230123020, 230123021, 230123022, 230123023, 230123024, 230123025, 230123026, 230123027, 230123028, 230123029"
MA4973,5402,"230123030, 230123031, 230123032, 230123033, 230123034, 230123035, 230123037, 230123038, 230123039, 230123040, 230123041, 230123042, 230123043, 230123044, 230123045, 230123046, 230123047, 230123048, 230123049, 230123050, 230123051, 230123052, 230123054, 230123055, 230123056, 230123057, 230123058"
MA4973,5403,"230123059, 230123060, 230123061, 230123062, 230123063, 230123065, 230123066, 230123068, 230123069, 230123070, 230123071, 230123072, 230123073, 230123074, 230123075, 230123076, 230123077, 230123078, 230123079, 230123080, 230123081, 230123082, 230123083, 230123084"
ME2102,5402,"250103001, 250103002, 250103003, 250103004, 250103005, 250103006, 250103007, 250103008, 250103009, 250103010, 250103011, 250103012, 250103013, 250103014, 250103015, 250103016, 250103018, 250103019, 250103020, 250103021, 250103022, 250103023, 250103024, 250103025, 250103026"
ME2102,5403,"250103027, 250103028, 250103030, 250103031, 250103032, 250103033, 250103034, 250103035, 250103036, 250103037, 250103038, 250103039, 250103040, 250103041, 250103042, 250103044, 250103045, 250103046, 250103047, 250103048, 250103049, 250103050, 250103051, 250103052, 250103053"
ME2102,5404,"250103054, 250103055, 250103056, 250103057, 250103058, 250103059, 250103060, 250103061, 250103063, 250103064, 250103065, 250103066, 250103067, 250103068, 250103069, 250103070, 250103071, 250103072, 250103073, 250103074, 250103075, 250103076, 250103077, 250103078, 250103079"
ME2102,5405,"250103080, 250103081, 250103082, 250103083, 250103084, 250103085, 250103086, 250103087, 250103088, 250103089, 250103090, 250103091, 250103092, 250103093, 250103094, 250103095, 250103096, 250103097, 250103098, 250103099, 250103100, 250103101, 250103102, 250103103, 250103104"
ME2102,5406,"250103105, 250103106, 250103107, 250103108, 250103109, 250103110, 250103111, 250103112, 250103113, 250103114, 250103115, 250103116, 250103117, 250103118, 250103119, 250103120, 230103011, 240103039, 240103033, 240107010, 240107077"
ME5532,5301,"264103006, 264103101, 264103102, 264103103, 264103104, 264103105, 264103106, 264103107, 264103108, 264103109, 264103110, 264103111, 264103112, 264103212, 264103216, 264103217, 264103323, 264103401, 264103402, 264103403, 264103404, 264103405, 264103406, 264103407, 264103408, 264103409, 264103410"
ME5532,5302,"264103411, 264103412, 264103413, 264103414, 264103415, 264103416, 264103417, 264103418, 264103419, 264103420, 264103421, 264103422, 264103424, 264103425, 264103426, 264103427, 264103428, 264103429, 264103431, 264103432, 264103433, 264103434, 264103435, 264103436, 264103437, 264103438, 264103439"
ME5532,5303,"264103440, 256103101, 266103001, 266103010, 266103012, 266123003, 266123009, 266123015, 230103010, 230103016, 230103018, 230103027, 230103028, 230103109, 230103112, 230103123, 230103127, 230103128, 230103132, 240103070, 240103120, 240103123, 240151018, 254103319, 254103331"
ME6680,4G2,"266103003, 266103009, 230103020, 230103032, 230103036, 230103047, 230103050, 230103058, 230103068, 230103077, 230103086, 230103087, 230103089, 230103090, 230103094, 230103097, 230103102, 230103104, 230103115, 230103120"
ME6690,1G2,"230103022, 230103062, 230103069, 230103101, 254103323"
PH2530,2201,"250121001, 250121002, 250121003, 250121004, 250121005, 250121006, 250121007, 250121008, 250121009, 250121010, 250121011, 250121012, 250121014, 250121015, 250121016, 250121017, 250121018, 250121019, 250121020, 250121021, 250121022, 250121023, 250121024, 250121025, 250121026, 250121027, 250121028, 250121029, 250121030, 250121031, 250121032, 250121033, 250121034, 250121035, 250121037"
PH2530,2202,"250121038, 250121039, 250121040, 250121042, 250121043, 250121044, 250121045, 250121046, 250121047, 250121048, 250121049, 250121050, 250121053, 250121054, 250121055, 250121056, 250121057, 250121058, 250121060, 250121061, 250121063, 250121064, 250121065, 250121066, 250121067, 250121068"
PH4090,4201,"262121014, 262121001, 262121002, 262121003, 262121004, 262121005, 262121006, 262121007, 262121008, 262121009, 262121010, 262121011, 262121012, 262121013, 262121015, 262121016, 262121017, 262121018, 262121019, 262121021, 262121022, 262121023, 262121024, 262121025, 262121026, 262121027, 262121028"
PH4090,4202,"262121029, 262121030, 262121031, 262121033, 262121034, 262121035, 262121036, 262121037, 262121038, 262121039, 262121040, 262121041, 262121042, 262121043, 262121044, 262121045, 262121046, 262121047, 262121048, 262121049, 262121050, 262121051, 262121052, 262121053, 262121054, 262121055"
PH4130,4G1,"230121005, 230121007, 230121009, 230121010, 230121011, 230121013, 230121016, 230121018, 230121019, 230121021, 230121022, 230121027, 230121029, 230121031, 230121035, 230121036, 230121038, 230121039, 230121040, 230121049, 230121050, 230121052, 230121054, 230121056, 230121057, 230121068, 230121069"
PH7070,5401,"256121101, 256121102, 256121103, 256121105, 256121106, 256121107, 256121109, 266121002, 266121004, 266121005, 266121006, 266121007, 266121008, 266121009, 266121010, 266121011, 266121012, 266121013, 266121014, 266121015, 266121016, 266121017, 266121018, 266121019"
PH7070,5402,"266121020, 266121021, 266121022, 266121023, 266121026, 266121027, 266121028, 266121029, 266121030, 266121031, 266121032, 266121033, 266121034, 266121035, 266121036, 266121037"
RT5003,5405,"264154001, 264154002, 264154003, 264154004, 264154005, 264154006, 264154007, 264154008, 264154009, 264154010, 264154011, 266151008, 266154001, 266154004, 266154007"
SS5201,3202,"264152001, 264152002, 264152003, 264152004, 264152005, 264152006, 264152007, 264152008, 264152009, 264152010, 264152011, 264152012, 264152013, 264152014, 264152015, 264152016, 264152017, 264152018, 264152019, 264152021, 264152022, 264152023, 264152024, 264152025, 264152026, 264152027, 264152028, 264152029, 264152030, 266152008, 256156003"
DD7501,1202,"256105101, 256105102, 256105103, 266105002, 266105003, 266105004, 266105006, 266105007, 266105009, 266105010, 266105012, 266105013, 266105016, 266105017, 266105018, 266149003, 256105104, 266105015"
BM6046H,5306,"254024001, 254024003, 254024004, 254024005, 254024006, 254024009, 254024010, 254024011, 254024012, 254024013, 254024015, 254024018, 254024020, 254024021, 254024014, 254024019"
BT3004,2201,"240106001, 240106002, 240106003, 240106004, 240106005, 240106006, 240106009, 240106010, 240106011, 240106012, 240106013, 240106015, 240106017, 240106018, 240106019, 240106020, 240106021, 240106022, 240106023, 240106024, 240106025, 240106028, 240106029, 240106030, 240106031, 240106032, 240106033, 240106034, 240106035, 240106036, 240106037, 240106038, 240106039, 240106040, 240106041, 240106046"
BT3004,2203,"240106047, 240106048, 240106049, 240106050, 240106051, 240106052, 240106053, 240106054, 240106055, 240106057, 240106058, 240106060, 240106061, 240106063, 240106064, 240106065, 240106066, 240106067, 240106068, 240106069, 240106070, 240106072, 240106074, 240106075, 240106076, 240106077, 240106078, 240106079, 240106080, 240106081, 240106082, 240106083, 230106064, 230106035"
BT6037,3202,"264106007, 264106012, 264106021, 264106028, 264106029, 264106031, 264106034, 264106038, 264106042, 264106043, 264106109, 266106002, 266106003, 266106006, 266106008, 266106009, 266106015, 266106016, 266106018, 266106019, 266106023, 266106024, 266106025, 266106026, 266106031, 266106032, 266106035, 266106038, 266106042, 266152005"
BT6041,5304,"264106002, 264106003, 264106004, 264106006, 264106019, 264106025, 264106033, 264106036, 264106103, 264106104, 266106034, 266159007, 266159008, 266159009, 266152002"
CE1103,1202,"260104001, 260104002, 260104003, 260104004, 260104005, 260104006, 260104007, 260104008, 260104009, 260104010, 260104011, 260104012, 260104013, 260104014, 260104015, 260104016, 260104017, 260104018, 260104019, 260104020, 260104021, 260104022, 260104023, 260104024, 260104025, 260104026, 260104027, 260104028"
CE1103,1203,"260104029, 260104030, 260104031, 260104032, 260104033, 260104034, 260104035, 260104036, 260104037, 260104038, 260104039, 260104040, 260104041, 260104042, 260104043, 260104044, 260104045, 260104046, 260104047, 260104048, 260104049, 260104050, 260104051, 260104052, 260104053, 260104054, 260104055, 260104056, 260104057, 260104058"
CE1103,1204,"260104059, 260104060, 260104061, 260104062, 260104063, 260104064, 260104065, 260104066, 260104067, 260104068, 260104069, 260104070, 260104071, 260104072, 260104073, 260104074, 260104075, 260104076, 260104077, 260104078, 260104080, 260104081, 260104082, 260104083, 260104084, 260104085, 260104086, 260104087, 260104088, 260104089"
CE1103,1205,"260104090, 260104091, 260104092, 260104093, 260104094, 260104095, 260104096, 260104097, 260104098, 260104099, 260104100, 260104102, 260104103, 260104104, 260104105, 260104106, 260104107, 260104108, 260104109, 260104110, 260104111, 260104112, 260104113, 260104114, 260104115, 260104116"
CE3116,5403,"240104001, 240104002, 240104003, 240104004, 240104005, 240104006, 240104007, 240104008, 240104009, 240104011, 240104012, 240104013, 240104014, 240104015, 240104016, 240104018, 240104019, 240104020, 240104021, 240104022, 240104023, 240104024, 240104025, 240104027, 240104028, 240104029, 240104031"
CE3116,5404,"240104032, 240104033, 240104034, 240104035, 240104036, 240104037, 240104039, 240104040, 240104041, 240104042, 240104043, 240104044, 240104045, 240104046, 240104047, 240104048, 240104049, 240104050, 240104051, 240104052, 240104053, 240104054, 240104055, 240104056, 240104057, 240104058, 240104059"
CE3116,5405,"240104060, 240104061, 240104062, 240104063, 240104064, 240104065, 240104066, 240104067, 240104068, 240104069, 240104070, 240104071, 240104072, 240104073, 240104074, 240104075, 240104076, 240104077, 240104080, 240104081, 240104082, 240104083, 240104084, 240104085, 240104086, 240104087, 240104088"
CE3116,5406,"240104089, 240104090, 240104091, 240104093, 240104094, 240104096, 240104097, 240104098, 240104099, 240104101, 240104102, 240104103, 240104104, 240104106, 240104107, 240104108, 240104109, 240104110, 240104112, 240104113, 240104114, 240104115, 240104116"
CE6001,1201,"264104309, 264104503, 264104001, 264104002, 264104003, 264104101, 264104102, 264104103, 264104104, 264104105, 264104106, 264104107, 264104108, 264104109, 264104110, 264104111, 264104112, 264104113, 264104114, 264104115, 264104201, 264104203, 264104204, 264104205, 264104206, 264104207, 264104208, 264104209, 264104210"
CE6001,1202,"264104211, 264104212, 264104213, 264104214, 264104215, 264104216, 264104217, 264104218, 264104219, 264104220, 264104301, 264104302, 264104303, 264104304, 264104305, 264104306, 264104307, 264104308, 264104401, 264104402, 264104403, 264104404, 264104405, 264104406, 264104407, 264104408, 264104409, 264104410, 264104411"
CE6001,1203,"264104412, 264104413, 264104414, 264104415, 264104416, 264104417, 264104418, 264104419, 264104420, 264104421, 264104422, 264104423, 264104424, 264104425, 264104501, 264104502, 264104504, 264104506, 264104507, 264104508, 264104509, 264104510, 264104511, 264104512, 264104513, 264104514, 264104515, 264104516, 264104517, 264104518"
CE6001,1204,"264104601, 264104603, 264104604, 264104605, 264104606, 264104607, 264104608, 264104609, 264104610, 264104611, 264104612, 264104613, 256104107, 266104001, 266104004, 266104008, 266104010, 266104012, 266104013, 266104023, 266104024, 266123002, 264104202, 246104107, 256104018"
CH7155,3202,"266106007, 266122001, 266122002, 266122003, 266122004, 266122006, 266122008, 266122009, 266122010, 266122011, 266122012, 266122013, 266122014, 266122017, 266122018, 266122020, 266122025, 266122026, 266122029, 266122030, 266153002"
CL3002,5001,"240107001, 240107002, 240107003, 240107004, 240107008, 240107009, 240107010, 240107011, 240107013, 240107014, 240107015, 240107016, 240107017, 240107018, 240107019, 240107021, 240107023, 240107024, 240107025, 240107028, 240107029, 240107030, 240107032, 240107033, 240107034, 240107036, 240107037, 240107040, 240107042, 240107043"
CL3002,5002,"240107044, 240107046, 240107047, 240107048, 240107049, 240107050, 240107051, 240107052, 240107053, 240107054, 240107056, 240107057, 240107058, 240107059, 240107060, 240107062, 240107064, 240107065, 240107066, 240107067, 240107068, 240107069, 240107072, 240107074, 240107075, 240107076, 240107077, 240107078, 240107079, 240107080"
CL3002,5003,"240107081, 240107082, 240107083, 240107084, 240107085, 240107086, 240107087, 240107088, 240107089, 240107090, 240107091, 240107092, 240107093, 240107094, 240107095, 240107096, 240107097, 240107098, 240107099, 240107100, 240107101, 240107103, 230107043, 230107065, 230107093"
CL6031,5401,"266107001, 256107108, 266107002, 266107004, 266107006, 266107007, 266107009, 266107010, 266107011, 266107014, 266107019, 266107020, 266107022"
CS1113,1201,"260101009, 260101030, 260101040, 260101048, 260101081, 260101104, 260101001, 260101002, 260101003, 260101004, 260101005, 260101006, 260101007, 260101008, 260101010, 260101011, 260101012, 260101013, 260101014, 260101015, 260101016, 260101017, 260101018, 260101019, 260101020, 260101021, 260101022, 260101023, 260101024, 260101025"
CS1113,1202,"260101026, 260101027, 260101028, 260101029, 260101031, 260101032, 260101033, 260101034, 260101035, 260101036, 260101037, 260101038, 260101039, 260101041, 260101042, 260101043, 260101044, 260101045, 260101046, 260101047, 260101049, 260101050, 260101051, 260101052, 260101053, 260101054, 260101055, 260101056, 260101057, 260101058"
CS1113,1203,"260101059, 260101060, 260101061, 260101062, 260101063, 260101064, 260101065, 260101066, 260101067, 260101068, 260101069, 260101070, 260101071, 260101072, 260101073, 260101074, 260101075, 260101076, 260101077, 260101078, 260101079, 260101080, 260101082, 260101083, 260101084, 260101085, 260101086, 260101087, 260101088, 260101089"
CS1113,1204,"260101090, 260101091, 260101092, 260101093, 260101094, 260101095, 260101096, 260101097, 260101098, 260101099, 260101100, 260101101, 260101102, 260101103, 260101105, 260101106, 260101107, 260101108, 260101109, 260101110, 260101111, 260101112, 260101113, 260101114, 260101115, 260122001, 230101076, 220101105"
CS5191,5405,"264101001, 264101004, 264101041, 256155103, 266101001, 230101002, 230101034, 230101083, 230101094, 230101102, 230101110"
DA1103,2201,"260150004, 260150032, 260150049, 260150001, 260150002, 260150003, 260150005, 260150006, 260150007, 260150008, 260150009, 260150010, 260150011, 260150012, 260150013, 260150014, 260150015, 260150016, 260150017, 260150018, 260150019, 260150020, 260150021, 260150022, 260150023, 260150024, 260150026, 260150027, 260150028, 260150029, 260150030, 260150031, 260150033, 260150034, 260150035"
DA1103,2202,"260150036, 260150037, 260150038, 260150039, 260150040, 260150041, 260150042, 260150043, 260150044, 260150045, 260150046, 260150047, 260150048, 260150050, 260150051, 260150052, 260150053, 260150054, 260150055, 260150056, 260150057, 260150058, 260150059, 260150060, 254024010"
DA3041,5401,"240150001, 240150002, 240150003, 240150004, 240150005, 240150006, 240150007, 240150008, 240150009, 240150010, 240150012, 240150013, 240150014, 240150015, 240150016, 240150018, 240150019, 240150020, 240150021, 240150022, 240150023, 240150024, 240150025"
DA3041,5402,"240150026, 240150027, 240150029, 240150030, 240150031, 240150032, 240150033, 240150035, 240150036, 240150037, 240150038, 240150040, 240150041, 240150042, 240150043, 240150044, 240150045, 240150046, 240150047, 240150048, 240150049"
DD5514,5406,"266105014, 230205005, 230205015, 230205016, 230205019, 230205027, 230205028, 230205031, 230205049, 230205051, 230205055, 254205004"
EE3004,5301,"240102019, 240102098, 240102250, 240102001, 240102002, 240102003, 240102004, 240102005, 240102006, 240102007, 240102008, 240102009, 240102010, 240102011, 240102012, 240102013, 240102014, 240102015, 240102016, 240102018, 240102020, 240102021, 240102022, 240102023, 240102024, 240102025, 240102027"
EE3004,5302,"240102028, 240102029, 240102031, 240102032, 240102033, 240102034, 240102036, 240102037, 240102038, 240102039, 240102040, 240102041, 240102042, 240102043, 240102044, 240102045, 240102046, 240102047, 240102048, 240102049, 240102050, 240102051, 240102052, 240102053, 240102055, 240102057, 240102058"
EE3004,5303,"240102059, 240102060, 240102061, 240102062, 240102063, 240102064, 240102065, 240102066, 240102067, 240102068, 240102069, 240102070, 240102071, 240102074, 240102075, 240102076, 240102078, 240102079, 240102080, 240102081, 240102082, 240102083, 240102084, 240102085, 240102086, 240102087, 240102089"
EE3004,5304,"240102090, 240102091, 240102092, 240102093, 240102094, 240102095, 240102099, 240102100, 240102101, 240102102, 240102103, 240102104, 240102105, 240102106, 240102107, 240102108, 240102109, 240102110, 240102111, 240102112, 240102113, 240102114, 240102115, 240102116, 240102117, 240102118, 240102119"
EE3004,5305,"240102120, 240102121, 240102122, 240102123, 240102124, 240102125, 240102126, 240102201, 240102202, 240102203, 240102206, 240102207, 240102208, 240102209, 240102210, 240102211, 240102212, 240102213, 240102214, 240102215, 240102216, 240102217, 240102220, 240102221, 240102224, 240102225, 240102226"
EE3004,5306,"240102227, 240102228, 240102229, 240102230, 240102231, 240102232, 240102233, 240102234, 240102235, 240102237, 240102238, 240102239, 240102240, 240102241, 240102242, 240102243, 240102244, 240102245, 240102246, 240102247, 240102249, 240102251, 240102252, 240102257, 240102258, 240102259, 240102260"
EE3004,5401,"240102261, 240102262, 240102263, 240102264, 240102265, 240102266, 240102267, 240102268, 240102269, 240102270, 240102271, 240102272, 240102273, 240102274, 240102275, 240102276, 240102277, 240102278, 240102279"
EE5340,3202,"264152001, 264152002, 264152003, 264152004, 264152005, 264152006, 264152007, 264152008, 264152009, 264152010, 264152011, 264152012, 264152013, 264152014, 264152015, 264152016, 264152017, 264152018, 264152019, 264152021, 264152022, 264152023, 264152024, 264152025, 264152026, 264152027, 264152028, 264152029, 264152030, 256102105, 266102003, 254156013, 254156015"
EE5432,5402,"264102417, 264102201, 264102203, 264102204, 264102205, 264102206, 264102207, 264102208, 264102210, 264102402, 264102403, 264102404, 264102405, 264102406, 264102407, 264102409, 264102410, 264102411, 264102412, 264102413, 264102414, 264102420, 266102004, 266102007, 266102012, 266102034, 230102029"
EE5432,5403,"230102050, 230102077, 230102079, 230108030, 230102002, 230102003, 230102004, 230102005, 230102008, 230102011, 230102012, 230102015, 230102017, 230102020, 230102022, 230102026, 230102027, 230102028, 230102033, 230102034, 230102035, 230102036, 230102038, 230102041, 230102043, 230102044, 230102045"
EE5432,5404,"230102048, 230102054, 230102055, 230102056, 230102061, 230102062, 230102065, 230102070, 230102073, 230102075, 230102081, 230102083, 230102085, 230102086, 230102088, 230102089, 230102091, 230102092, 230102093, 230102094, 230102095, 230102096, 230102097, 230102098, 230102103, 230102106, 230102109"
EE5432,5405,"230102111, 230102112, 230102113, 230102114, 230102115, 230102116, 230102117, 230102119, 230102120, 230102126, 230108001, 230108007, 230108008, 230108009, 230108010, 230108013, 230108015, 230108017, 230108028, 230108029, 230108033, 230108034, 230108035, 230108036, 230108037, 230108039, 230108040"
EE5432,5406,"230108042, 230108043, 230108047, 230108048, 230108053, 230108054, 230108055, 230108058, 230108059, 230108060, 230108062, 230108063, 230108064, 230108066, 230108067, 230108068, 230108070, 230108071, 230108074, 230108076, 230108078, 210102014, 220102019, 236102008"
EN3102,5301,"240151001, 240151002, 240151003, 240151004, 240151005, 240151006, 240151007, 240151008, 240151009, 240151010, 240151011, 240151012, 240151013, 240151014, 240151015, 240151016, 240151018, 240151020"
HS5002,5402,"262241038, 266105007, 252241101, 252241102, 252241103, 252241104, 252241106, 252241108, 252241109, 252241110, 252241111, 252241112, 252241113"
HS6208,5302,"266141010, 266141017, 252241006, 252241009, 252241010, 252241013, 252241015, 252241016, 252241018, 252241020, 252241022, 252241029, 252241034, 252241036, 252241039, 252241040, 252241041"
HS7029,4202,"266141003, 266141006, 266141016"
HS7048,4201,256141102
HT1102,5305,"260359001, 260359002, 260359003, 260359004, 260359005, 260359006, 260359007, 260359008, 260359009, 260359010, 260359011, 260359012, 260359014 , 260359015 , 260359016 , 260359017 , 260359018, 260359019, 260359020, 260359021, 260359022"
HT2104,5303,"250359001, 250359002, 250359003, 250359004, 250359005, 250359006, 250359009, 250359010, 250359011, 250359013, 250359015, 250359016, 250359018, 250359019, 250359020, 250359021, 250359022, 250359023"
MA3921,5301,"240101003, 240101005, 240101026, 240101101, 240101104, 240123045, 240101001, 240101002, 240101004, 240101006, 240101007, 240101008, 240101009, 240101010, 240101011, 240101012, 240101013, 240101014, 240101015, 240101016, 240101017, 240101018, 240101019, 240101020, 240101021, 240101022, 240101023"
MA3921,5302,"240101024, 240101025, 240101027, 240101028, 240101029, 240101030, 240101031, 240101032, 240101033, 240101034, 240101035, 240101036, 240101037, 240101038, 240101039, 240101040, 240101041, 240101042, 240101043, 240101044, 240101045, 240101046, 240101047, 240101048, 240101049, 240101050, 240101051"
MA3921,5303,"240101052, 240101053, 240101054, 240101055, 240101056, 240101057, 240101058, 240101059, 240101060, 240101061, 240101062, 240101063, 240101064, 240101065, 240101066, 240101067, 240101068, 240101069, 240101070, 240101071, 240101072, 240101073, 240101074, 240101075, 240101076, 240101077, 240101078"
MA3921,5304,"240101079, 240101080, 240101081, 240101082, 240101083, 240101084, 240101085, 240101086, 240101087, 240101088, 240101089, 240101090, 240101091, 240101092, 240101093, 240101094, 240101095, 240101096, 240101097, 240101098, 240101099, 240101100, 240101102, 240101103, 240101105, 240101106, 240101107"
MA3921,5305,"240101108, 240101109, 240101110, 240101111, 240101112, 240101113, 240101114, 240101115, 240101116, 240101117, 240101118, 240101119, 240101120, 240101121, 240101122, 240101123, 240101124, 240101125, 240123001, 240123002, 240123003, 240123004, 240123005, 240123006, 240123007, 240123008, 240123009"
MA3921,5306,"240123010, 240123011, 240123012, 240123013, 240123014, 240123015, 240123016, 240123017, 240123018, 240123019, 240123020, 240123021, 240123022, 240123023, 240123024, 240123025, 240123026, 240123027, 240123028, 240123029, 240123030, 240123031, 240123032, 240123033, 240123034, 240123035, 240123036"
MA3921,5401,"240123037, 240123038, 240123039, 240123040, 240123041, 240123042, 240123043, 240123044, 240123046, 240123047, 240123048, 240123049, 240123050, 240123051, 240123052, 240123053, 240123054, 240123055, 240123056, 240123057, 240123058, 240123059, 240123060, 240123061, 240123062, 240123063, 240123064"
MA3921,5402,"240123065, 240123066, 240123067, 240123068, 240123069, 240123070, 240123071, 240123072, 240123073, 240123074, 240123075, 240123076, 240123077, 240123078, 240123079, 220101084, 230101065"
MA4128,5403,"256123102, 266123008, 266123012, 252123105, 252123117, 230123033, 230123034, 252123001, 252123025, 252123101, 252123102, 252123103, 252123104, 252123106, 252123107, 252123108, 252123109, 252123110, 252123111, 252123112, 252123113, 252123114, 252123115, 252123116"
MA4128,5404,"252123118, 252123119, 252123120, 252123121, 252123122, 252123123, 252123124, 252123125, 252123126, 252123127, 252123128, 252123129, 252123130, 242123130"
MA6072,4201,"256123103, 230123004, 230123006, 230123030, 230123041, 230123050, 230123056, 230123074, 230123081, 230123084"
ME1101,5301,"260102023, 260102074, 260102084, 260102102, 260102001, 260102002, 260102003, 260102004, 260102005, 260102006, 260102007, 260102008, 260102009, 260102010, 260102011, 260102012, 260102013, 260102014, 260102015, 260102016, 260102017, 260102018, 260102019, 260102020, 260102021, 260102022, 260102024"
ME1101,5302,"260102025, 260102026, 260102027, 260102028, 260102029, 260102030, 260102031, 260102032, 260102033, 260102034, 260102035, 260102036, 260102037, 260102039, 260102040, 260102041, 260102042, 260102043, 260102044, 260102045, 260102046, 260102047, 260102048, 260102049, 260102050, 260102051, 260102052"
ME1101,5303,"260102053, 260102054, 260102055, 260102056, 260102057, 260102058, 260102059, 260102060, 260102061, 260102062, 260102063, 260102064, 260102065, 260102066, 260102067, 260102068, 260102069, 260102070, 260102071, 260102072, 260102073, 260102075, 260102076, 260102077, 260102078, 260102079, 260102080"
ME1101,5304,"260102081, 260102082, 260102083, 260102085, 260102086, 260102087, 260102088, 260102089, 260102090, 260102091, 260102092, 260102093, 260102094, 260102095, 260102096, 260102097, 260102098, 260102099, 260102100, 260102101, 260102103, 260102104, 260102105, 240122032"
ME1102,1204,"260102203, 260102214, 260102238, 260102201, 260102202, 260102204, 260102205, 260102206, 260102207, 260102208, 260102209, 260102210, 260102211, 260102212, 260102213, 260102215, 260102216, 260102217, 260102218, 260102219, 260102220, 260102221, 260102222, 260102223, 260102224, 260102225, 260102226, 260102227, 260102228, 260102229"
ME1102,1203,"260102230, 260102231, 260102232, 260102233, 260102234, 260102235, 260102236, 260102237, 260102239, 260102240, 260102241, 260102242, 260102243, 260102244, 260102245, 260102246, 260102247, 260102248, 260102249, 260102250, 260102251, 260102252, 260102253, 260102254, 260102255, 260102256, 260102257, 260102258, 260102259, 260102260, 260102261"
ME1103,2201,"260106001, 260106002, 260106003, 260106004, 260106005, 260106006, 260106008, 260106009, 260106010, 260106011, 260106012, 260106013, 260106016, 260106017, 260106018, 260106019, 260106020, 260106021, 260106022, 260106023, 260106024, 260106025, 260106026, 260106027, 260106029, 260106030, 260106031, 260106032, 260106033, 260106034, 260106035, 260106036, 260106037, 260106038, 260106039, 260106040, 260106041"
ME1103,2202,"260106042, 260106043, 260106046, 260106047, 260106049, 260106050, 260106051, 260106052, 260106054, 260106055, 260106056, 260106057, 260106058, 260106059, 260106060, 260106061, 260106062, 260106064, 260106065, 260106066, 260106067, 260106068, 260106069, 260106070, 260106071, 260106072, 260106073, 260106074"
ME1104,1202,"260121001, 260121002, 260121003, 260121004, 260121005, 260121006, 260121007, 260121008, 260121009, 260121010, 260121011, 260121012, 260121013, 260121015, 260121016, 260121017, 260121018, 260121019, 260121020, 260121021, 260121022, 260121023, 260121024, 260121025, 260121026, 260121027, 260121028, 260121029, 260121030, 260121031"
ME1104,1205,"260121033, 260121034, 260121035, 260121036, 260121037, 260121038, 260121039, 260121040, 260121041, 260121042, 260121043, 260121044, 260121045, 260121046, 260121047, 260121048, 260121049, 260121050, 260121051, 260121052, 260121053, 260121054, 260121055, 260121056, 260121057, 260121058, 260121059, 260121060, 260121061, 260121062, 260121063, 260121064, 260121065, 260121066, 260121067"
ME1105,4201,"260122001, 260122002, 260122003, 260122004, 260122005, 260122006, 260122007, 260122008, 260122009, 260122010, 260122011, 260122012, 260122013, 260122015, 260122016, 260122017, 260122018, 260122019, 260122020, 260122021, 260122022, 260122023, 260122024, 260122025, 260122026, 260122027, 260122028, 260122029, 260122030, 260122031"
ME1105,4202,"260122032, 260122033, 260122035, 260122036, 260122037, 260122038, 260122039, 260122040, 260122041, 260122042, 260122043, 260122044, 260122045, 260122046, 260122047, 260122048, 260122049, 260122050, 260122051, 260122052, 260122053, 260122054, 260122055, 260122056, 260122057, 260122058, 260122059, 260122060"
ME1106,2203,"260123052, 260123057, 260123065, 260123070, 260123001, 260123002, 260123003, 260123004, 260123005, 260123006, 260123007, 260123008, 260123009, 260123010, 260123011, 260123012, 260123013, 260123014, 260123015, 260123016, 260123017, 260123018, 260123019, 260123020, 260123021, 260123022, 260123023, 260123024, 260123025, 260123026, 260123027, 260123028, 260123029, 260123030, 260123031, 260123032"
ME1106,2204,"260123033, 260123034, 260123035, 260123036, 260123037, 260123038, 260123039, 260123040, 260123041, 260123042, 260123043, 260123044, 260123045, 260123046, 260123047, 260123048, 260123049, 260123050, 260123051, 260123053, 260123054, 260123055, 260123058, 260123059, 260123060, 260123061, 260123062, 260123063, 260123064, 260123066"
ME1107,1201,"260151001, 260151002, 260151003, 260151004, 260151005, 260151006, 260151007, 260151008, 260151009, 260151010, 260151011, 260151012, 260151013, 260151014, 260151015, 260151016, 260151017, 260151018, 260151019"
ME3103,5403,"240103051, 240103001, 240103002, 240103003, 240103004, 240103005, 240103006, 240103007, 240103008, 240103009, 240103010, 240103011, 240103012, 240103013, 240103015, 240103017, 240103018, 240103019, 240103020, 240103022, 240103023, 240103024, 240103025, 240103027, 240103028, 240103029, 240103031"
ME3103,5404,"240103032, 240103033, 240103034, 240103035, 240103036, 240103037, 240103038, 240103040, 240103041, 240103042, 240103045, 240103046, 240103047, 240103048, 240103049, 240103050, 240103052, 240103053, 240103054, 240103055, 240103056, 240103057, 240103058, 240103059, 240103060, 240103061, 240103062"
ME3103,5405,"240103063, 240103065, 240103066, 240103067, 240103068, 240103069, 240103070, 240103071, 240103072, 240103073, 240103075, 240103076, 240103078, 240103079, 240103080, 240103081, 240103082, 240103083, 240103084, 240103085, 240103086, 240103089, 240103090, 240103092, 240103093, 240103094, 240103097"
ME3103,5406,"240103098, 240103099, 240103100, 240103101, 240103102, 240103103, 240103104, 240103108, 240103109, 240103110, 240103111, 240103112, 240103113, 240103115, 240103117, 240103118, 240103120, 240103121, 240103122, 240103123, 240103124, 240103125"
ME5550,5305,"264103001, 264103002, 264103003, 264103004, 264103005, 264103006, 264103007, 264103008, 264103009, 264103010, 264103011, 266103002, 230103006, 230103010, 230103011, 230103012, 230103015, 230103016, 230103024, 230103042, 230103047, 230103048"
ME5550,5306,"230103049, 230103051, 230103052, 230103070, 230103082, 230103098, 230103101, 230103106, 230103107, 230103108, 230103109, 230103116, 230103120, 230103121, 230103132, 230121069"
ME6660,2201,"264103103, 264103425, 256103101, 256103106, 266103006, 266103010, 266151002, 266152007, 266152008, 230103003, 230103004, 230103009, 230103013, 230103014, 230103018, 230103019, 230103020, 230103021, 230103022, 230103029, 230103031, 230103032, 230103033, 230103034, 230103035, 230103037, 230103038, 230103040, 230103041, 230103043, 230103044, 230103046, 230103053, 230103055, 230103056, 230103057, 230103058, 230103059"
ME6660,2203,"230103061, 230103062, 230103063, 230103065, 230103066, 230103067, 230103068, 230103071, 230103073, 230103074, 230103076, 230103077, 230103079, 230103080, 230103081, 230103086, 230103087, 230103088, 230103089, 230103090, 230103093, 230103094, 230103095, 230103097, 230103102, 230103105, 230103113, 230103114, 230103122, 230103125, 230103126, 230103129, 230103130, 230103131, 230103133"
ME6692,3202,"264103202, 264103203, 264103204, 264103205, 264103206, 264103207, 264103209, 264103215, 264103220, 264103418, 264103437, 266103014, 266103015, 230103007, 230103023, 230103060, 230103072, 230103078, 230103084, 230103091, 230103092, 230103099, 230103100, 230103103, 230103104"
ME6703,4202,"264103105, 264103108, 264103111, 230103069, 230121011, 230121013, 254103006, 256103005"
PH3070,2203,"240121001, 240121003, 240121006, 240121007, 240121009, 240121010, 240121011, 240121012, 240121014, 240121015, 240121016, 240121017, 240121019, 240121020, 240121021, 240121022, 240121023, 240121024, 240121025, 240121026, 240121027, 240121028, 240121030, 240121031, 240121032, 240121033, 240121034, 240121036, 240121037, 240121038, 240121039, 240121040"
PH3070,2204,"240121041, 240121042, 240121043, 240121044, 240121045, 240121046, 240121047, 240121048, 240121049, 240121053, 240121054, 240121055, 240121056, 240121057, 240121058, 240121060, 240121062, 240121063, 240121064, 240121065, 240121066, 240121067, 240121068, 230121058"
PH4107,4201,"252121001, 252121002, 252121003, 252121004, 252121005, 252121006, 252121007, 252121008, 252121009, 252121010, 252121011, 252121012, 252121013, 252121015, 252121016, 252121017, 252121018, 252121019, 252121020, 252121021, 252121022, 252121023, 252121024, 252121025, 252121027, 252121028, 252121029, 252121030, 252121031, 252121032"
PH4107,4202,"252121033, 252121034, 252121035, 252121036, 252121037, 252121038, 252121039, 252121040, 252121041, 252121042, 252121043, 252121044, 252121045, 252121046, 252121047, 252121049, 252121050, 252121051, 252121052, 252121053, 252121055, 252121056, 252121057, 252121058, 242121039, 242121049"
BM5105H,1205,"264024001, 264024003, 264024004, 264024005, 264024006, 264024008, 264024009, 264024010, 264024011, 264024012, 264024013, 264024014, 264024016, 264024017, 264024018, 264024019, 264024020, 264024021, 264024022, 264024023, 264024024, 264024025, 264024026, 264024027, 266124004, 266124007"
BT2103,2201,"250106001, 250106002, 250106003, 250106004, 250106007, 250106008, 250106009, 250106010, 250106011, 250106012, 250106013, 250106014, 250106015, 250106016, 250106017, 250106019, 250106020, 250106021, 250106023, 250106024, 250106025, 250106026, 250106027, 250106028, 250106029, 250106030, 250106032, 250106033, 250106034, 250106035, 250106036, 250106037, 250106038, 250106039, 250106040, 250106041"
BT2103,2203,"250106042, 250106044, 250106045, 250106046, 250106047, 250106048, 250106050, 250106051, 250106052, 250106053, 250106054, 250106055, 250106056, 250106057, 250106058, 250106059, 250106060, 250106061, 250106062, 250106064, 250106065, 250106066, 250106067, 250106068, 250106069, 250106070, 250106071, 250106072, 250106073, 250106074, 250106075, 250106076, 250106077, 250106078, 250106079"
BT4413,1201,"230106001, 230106002, 230106003, 230106005, 230106006, 230106007, 230106008, 230106009, 230106010, 230106011, 230106012, 230106014, 230106015, 230106017, 230106019, 230106020, 230106022, 230106024, 230106026, 230106027, 230106028, 230106029, 230106031, 230106032, 230106036, 230106038, 230106040, 230106041"
BT4413,1202,"230106042, 230106045, 230106049, 230106051, 230106052, 230106053, 230106055, 230106056, 230106058, 230106061, 230106063, 230106064, 230106068, 230106069, 230106070, 230106074, 230106076, 230106077, 230106081, 230106082, 230106083, 230106084, 220106049"
BT4422,5405,"230106025, 230106030, 230106034, 230106048, 200106077"
BT5103,5403,"264106101, 264106102, 264106103, 264106104, 264106105, 264106106, 264106107, 264106108, 264106109, 264106110, 266106011, 266106017, 266106028, 266106033, 266152003"
CE2105,1201,"250104001, 250104003, 250104004, 250104005, 250104007, 250104008, 250104009, 250104010, 250104011, 250104012, 250104013, 250104014, 250104015, 250104016, 250104017, 250104018, 250104019, 250104020, 250104021, 250104022, 250104023, 250104024, 250104025, 250104026, 250104027, 250104028, 250104029, 250104030, 250104031, 250104032"
CE2105,1202,"250104033, 250104034, 250104035, 250104036, 250104037, 250104038, 250104039, 250104040, 250104041, 250104042, 250104043, 250104044, 250104045, 250104046, 250104047, 250104048, 250104049, 250104050, 250104051, 250104052, 250104053, 250104054, 250104055, 250104056, 250104057, 250104058, 250104059, 250104060, 250104061, 250104063"
CE2105,1203,"250104064, 250104065, 250104066, 250104067, 250104068, 250104069, 250104070, 250104071, 250104072, 250104073, 250104074, 250104075, 250104076, 250104077, 250104078, 250104079, 250104080, 250104081, 250104082, 250104083, 250104084, 250104085, 250104086, 250104087, 250104088, 250104089, 250104090, 250104091, 250104092, 250104093"
CE2105,1204,"250104094, 250104095, 250104096, 250104097, 250104098, 250104099, 250104100, 250104101, 250104102, 250104103, 250104104, 250104105, 250104106, 250104107, 250104108, 250104109, 250104110, 250104111, 250104112, 250104113, 250104114, 250104115, 250104116, 250104117"
CE4045,5404,"230104017, 230104007, 230104012, 230104013, 230104019, 230104022, 230104028, 230104033, 230104041, 230104047, 230104061, 230104070"
CE5003,3202,"264104401, 264104402, 264104403, 264104404, 264104405, 264104406, 264104407, 264104408, 264104409, 264104410, 264104411, 264104412, 264104413, 264104414, 264104415, 264104416, 264104417, 264104418, 264104419, 264104420, 264104421, 264104422, 264104423, 264104424, 264104425, 256104107, 266104004, 266104008, 266104017, 266104024"
CE6041,5406,"266104001, 266104014, 266104019, 230104026, 230104029, 230104048, 230104065, 230104077, 230104109"
CE6051,2201,"264104503, 264104501, 264104502, 264104504, 264104506, 264104508, 264104509, 264104510, 264104511, 264104512, 264104513, 264104514, 264104515, 264104516, 264104517, 264104518, 256104102, 256104106, 266104002, 266104012, 230104001, 230104003, 230104004, 230104005, 230104006, 230104010, 230104011, 230104015, 230104018, 230104021, 230104034, 230104038, 230104039, 230104042, 230104044, 230104046"
CE6051,2203,"230104050, 230104052, 230104053, 230104055, 230104058, 230104060, 230104062, 230104063, 230104068, 230104072, 230104073, 230104076, 230104079, 230104080, 230104081, 230104083, 230104085, 230104089, 230104093, 230104094, 230104095, 230104097, 230104099, 230104100, 230104102, 230104105, 230104106, 230104110, 230104113, 230104114, 230104115, 230104116, 230104117, 230104118"
CH2103H,2201,"250122001, 250122002, 250122003, 250122004, 250122005, 250122006, 250122007, 250122008, 250122009, 250122010, 250122011, 250122012, 250122013, 250122014, 250122016, 250122017, 250122018, 250122019, 250122020, 250122021, 250122022, 250122023, 250122024, 250122025, 250122026, 250122027, 250122028, 250122029, 250122030, 250122031, 250122032, 250122033, 250122034, 250122035, 250122037, 250122038"
CH2103H,2202,"250122039, 250122040, 250122041, 250122042, 250122043, 250122044, 250122045, 250122046, 250122047, 250122048, 250122049, 250122050, 250122051, 250122052, 250122053, 250122054, 250122055, 250122057, 250122058, 250122059, 250122060, 250122061, 250122062, 250122063, 250122064, 250122065"
CH4123,5403,"230122006, 230122013, 230122014, 230122022, 230122028, 230122034, 230122038, 230122043, 230122048, 230122052, 230122055, 220122042, 254159016"
CH4124,5305,"230122001, 230122003, 230122004, 230122005, 230122007, 230122008, 230122009, 230122010, 230122011, 230122015, 230122018, 230122019, 230122020, 230122021, 230122026, 230122030, 230122032, 230122033, 230122035, 230122036, 230122037, 230122039, 230122041, 230122044, 230122046"
CH4124,5306,"230122047, 230122051, 230122053, 230122054, 230122056, 230122057, 230122058, 230122059, 230122062, 230122063, 230122064, 230122065, 250107088, 226122007, 236122035, 246122038, 256152001"
CH4154,1203,"262122035, 262122001, 262122002, 262122003, 262122004, 262122005, 262122006, 262122007, 262122008, 262122009, 262122010, 262122011, 262122012, 262122013, 262122014, 262122015, 262122016, 262122017, 262122018, 262122019, 262122020, 262122021, 262122022, 262122023, 262122024, 262122025, 262122026, 262122027, 262122028"
CH4154,1205,"262122029, 262122030, 262122031, 262122032, 262122033, 262122034, 262122036, 262122037, 262122038, 262122039, 262122040, 262122041, 262122042, 262122043, 262122044, 262122045, 262122046, 262122047, 262122048, 262122049, 262122050, 262122051, 262122052, 262122053, 262122054, 262122055, 262122056, 262122057, 262122058, 262122059"
CH5154,2202,"252122022, 252122001, 252122002, 252122003, 252122004, 252122005, 252122006, 252122008, 252122009, 252122010, 252122011, 252122012, 252122013, 252122014, 252122015, 252122016, 252122017, 252122018, 252122019, 252122020, 252122021, 252122023, 252122024, 252122025, 252122026, 252122027, 252122028, 252122029, 252122030, 252122031"
CH5154,2204,"252122032, 252122033, 252122034, 252122035, 252122036, 252122037, 252122038, 252122039, 252122040, 252122041, 252122042, 252122043, 252122044, 252122045, 252122046, 252122047, 252122048, 252122049, 252122050, 252122051, 252122052, 252122053, 252122054, 252122055, 252122056, 252122057, 252122058, 252122059, 252122060"
CL5201,3202,"264107101, 264107102, 264107103, 264107104, 264107105, 264107106, 264107107, 264107108, 264107109, 264107110, 264107111, 264107112, 264107113, 264107114, 264107115, 264107116, 264107117, 264107118, 264107119, 264107120, 264107121, 264107122, 264107123, 264107124, 264107125, 264107126, 264107127, 264107128, 264107129, 266107012"
CS2002,1201,"250101056, 250101063, 250101089, 250101100, 250101001, 250101002, 250101003, 250101004, 250101005, 250101006, 250101007, 250101008, 250101009, 250101010, 250101011, 250101012, 250101013, 250101014, 250101015, 250101016, 250101017, 250101018, 250101019, 250101020, 250101021, 250101022, 250101023, 250101024, 250101025, 250101026"
CS2002,1202,"250101027, 250101028, 250101029, 250101030, 250101031, 250101032, 250101033, 250101034, 250101035, 250101036, 250101037, 250101038, 250101040, 250101041, 250101042, 250101043, 250101044, 250101045, 250101046, 250101047, 250101048, 250101049, 250101050, 250101051, 250101053, 250101054, 250101055, 250101057, 250101058, 250101059"
CS2002,1203,"250101060, 250101061, 250101062, 250101064, 250101065, 250101066, 250101067, 250101068, 250101069, 250101070, 250101071, 250101072, 250101073, 250101074, 250101075, 250101076, 250101077, 250101078, 250101079, 250101080, 250101081, 250101082, 250101083, 250101084, 250101085, 250101086, 250101087, 250101088, 250101090, 250101091"
CS2002,1204,"250101092, 250101093, 250101094, 250101095, 250101096, 250101097, 250101098, 250101099, 250101101, 250101103, 250101104, 250101105, 250101106, 250101107, 250101109, 250101110, 250101111, 250101112, 250101113, 250101114, 250101115, 250101116, 240101055, 220101081, 220101084, 220101105, 250359004"
DA2142,5303,"250150002, 250150036, 250150041, 250150001, 250150003, 250150004, 250150005, 250150006, 250150007, 250150008, 250150009, 250150010, 250150011, 250150012, 250150013, 250150014, 250150015, 250150016, 250150017, 250150018, 250150020, 250150021, 250150022, 250150023, 250150024"
DA2142,5304,"250150025, 250150026, 250150027, 250150028, 250150029, 250150030, 250150031, 250150032, 250150033, 250150034, 250150035, 250150037, 250150038, 250150039, 250150040, 250150042, 250150043, 250150044, 250150045, 250150046, 250150047, 250150048, 250150050"
DA6024,5004,"264161002, 264161003, 264161004, 264161005, 264161006, 264161007, 264161009, 264161010, 264161011, 264161012, 264161013, 264161014, 264161015, 264161016, 264161017, 264161018, 264161019, 264161020, 264161021, 266150001, 266150003, 266150006, 266150007, 266150008, 230121003, 230121004, 230121007, 230121009, 230121010, 230121012"
DA6024,5005,"230121014, 230121015, 230121016, 230121017, 230121018, 230121019, 230121021, 230121026, 230121027, 230121028, 230121029, 230121030, 230121031, 230121032, 230121033, 230121034, 230121035, 230121036, 230121038, 230121040, 230121041, 230121042, 230121043, 230121044, 230121045, 230121048, 230121051, 230121054, 230121055, 230121056"
DA6024,5006,"230121057, 230121058, 230121059, 230121063, 230121064, 230121066, 230121067, 230150005, 230150006, 230150007, 230150009, 230150010, 230150011, 230150013, 230150015, 230150017, 230150018, 230150020, 230150021, 230150023, 230150025, 230150026, 230150027, 230150028, 230150029, 230150032, 230150033, 244156016"
DA6071,5302,"256123101, 256150102, 266102013, 266123004, 266123005, 266150004, 230101070, 230150002, 230150003, 230150004, 230150012, 230150014, 230150016, 230150019, 230150022, 230150030, 230150031, 230150034, 236123007, 256101018"
DA6075,5404,"230101034, 230101100, 256102002"
DD1105,1201,"260205007, 260205032, 260205001, 260205002, 260205003, 260205004, 260205005, 260205006, 260205008, 260205009, 260205010, 260205011, 260205012, 260205013, 260205014, 260205015, 260205016, 260205017, 260205018, 260205019, 260205020, 260205021, 260205022, 260205023, 260205024, 260205025, 260205026, 260205027, 260205028, 260205029"
DD1105,1202,"260205030, 260205031, 260205033, 260205034, 260205035, 260205036, 260205037, 260205038, 260205039, 260205040, 260205041, 260205042, 260205043, 260205044, 260205045, 260205046, 260205047, 260205048, 260205049, 260205050, 260205051, 260205052, 260205054, 260205055, 260205056"
DD5511,5302,266105018
EE2104,5301,"250102016, 250102028, 250102055, 250102065, 250102082, 250102090, 250102236, 250102245, 250102001, 250102002, 250102003, 250102004, 250102005, 250102006, 250102007, 250102008, 250102009, 250102010, 250102011, 250102012, 250102013, 250102014, 250102015, 250102017, 250102018"
EE2104,5302,"250102019, 250102020, 250102021, 250102022, 250102023, 250102024, 250102025, 250102026, 250102027, 250102029, 250102030, 250102031, 250102032, 250102033, 250102034, 250102035, 250102036, 250102037, 250102038, 250102039, 250102040, 250102041, 250102042, 250102043, 250102044, 250102045"
EE2104,5303,"250102046, 250102047, 250102048, 250102049, 250102050, 250102051, 250102052, 250102053, 250102054, 250102056, 250102057, 250102058, 250102059, 250102060, 250102061, 250102062, 250102063, 250102064, 250102066, 250102067, 250102068, 250102069, 250102070, 250102071, 250102072"
EE2104,5304,"250102073, 250102074, 250102075, 250102076, 250102077, 250102078, 250102080, 250102081, 250102083, 250102084, 250102085, 250102086, 250102087, 250102088, 250102089, 250102091, 250102092, 250102093, 250102094, 250102095, 250102096, 250102097, 250102098, 250102099, 250102100"
EE2104,5305,"250102101, 250102103, 250102104, 250102106, 250102107, 250102108, 250102201, 250102202, 250102203, 250102204, 250102205, 250102206, 250102207, 250102208, 250102209, 250102210, 250102211, 250102212, 250102213, 250102214, 250102215, 250102216, 250102217, 250102218, 250102219"
EE2104,5306,"250102220, 250102221, 250102222, 250102223, 250102224, 250102225, 250102226, 250102227, 250102228, 250102229, 250102230, 250102232, 250102233, 250102234, 250102235, 250102237, 250102238, 250102239, 250102240, 250102241, 250102242, 250102243, 250102244, 250102246, 250102247"
EE2104,5401,"250102248, 250102249, 250102250, 250102252, 250102253, 250102254, 250102255, 250102256, 250102257, 250102258, 250102259, 250102260, 250102261, 250102262, 250102263, 250102264, X250101117 , 210102014, 240102024, 240102223"
EE4033,5003,"230102006, 230102025, 230102030, 230102033, 230102043, 230102051, 230102073, 230102086, 230102092, 230102098, 230102105, 230102122, 230102125, 230102126, 230108015, 230108046, 230108055, 230108074, 230108077, 230108078, 220102019"
EE5304,2202,"264102301, 264102302, 264102303, 264102304, 264102305, 264102306, 264102307, 264102308, 264102309, 264102310, 264102311, 264102312, 264102313, 264102314, 264102315, 264102316, 264102317, 264102318, 264102319, 264102320, 264102321, 256102103, 266102005, 266102010, 266102015, 266102020, 266102024, 266102033"
EE5500,1205,"264102101, 264102102, 264102103, 264102104, 264102105, 264102106, 264102107, 264102108, 264102109, 264102110, 264102111, 264102112, 264102113, 264102114, 264102115, 264102502, 264102503, 264102504, 264102505, 264102506, 264102507, 264102508, 264102509, 264102510, 266102016, 266102018, 266102023, 266102025, 266102027, 266102031"
EN2104,5301,"250151001, 250151002, 250151003, 250151004, 250151005, 250151006, 250151007, 250151008, 250151009, 250151010, 250151011, 250151012, 250151013, 250151014, 250151015, 250151016, 250151017, 250151018, 250151019, 250151020, 240151012"
EN5105,3202,"264351001, 264351002, 264351005, 264351006, 264351007, 264351008, 264351009, 264351011, 264351014, 256103110, 266151001, 266151004, 266151006, 230151002, 230151003, 230151004, 230151005, 230151006, 230151008, 230151010, 230151011, 230151012, 230151014, 230151015, 230151016, 230151017, 230151018, 230151019, 230151020"
HS4004,5001,"262241001, 262241002, 262241003, 262241004, 262241005, 262241006, 262241007, 262241008, 262241009, 262241010, 262241011, 262241012, 262241013, 262241014, 262241015, 262241016, 262241017, 262241018, 262241019, 262241021, 262241022, 262241024, 262241025, 262241026, 262241027, 262241028, 262241029, 262241030, 262241031, 262241032"
HS4004,5002,"262241034, 262241035, 262241036, 262241037, 262241038, 262241039, 262241040, 262241041, 262241042, 262241043, 262241044, 262241045, 262241046, 262241047, 262241048, 262241049, 262241051, 262241052, 262241053, 262241054, 262241055, 266141004"
HS4121,5301,"262241103, 262241107, 252241110"
HS6230,5406,"266105007, 266141003, 266141006, 266141016, 252241012, 252241019, 252241038, 246141005, 256141001"
HS7042,5303,256155101
HT5004,5401,"264159001, 264159002, 264159003, 264159004, 264159005, 264159006, 264159007, 264159008, 264159009, 264159010, 264159011, 264159012, 264159013, 264159014, 264159015, 264159016, 264159017, 264159019, 264159101, 264159102, 264159103, 264159104"
HT5004,5402,"264159105, 264159106, 264159107, 264159108, 264159109, 264159110, 264159111, 264159112, 264159113, 264159114, 264159115, 264159117, 264159119, 264159120, 266159001"
MA2171,2201,"250123025, 250123043, 250123047, 250123001, 250123002, 250123003, 250123004, 250123005, 250123006, 250123007, 250123008, 250123009, 250123010, 250123011, 250123012, 250123013, 250123014, 250123015, 250123016, 250123017, 250123018, 250123019, 250123020, 250123021, 250123022, 250123023, 250123024, 250123026, 250123027, 250123028, 250123029, 250123030, 250123031, 250123032, 250123033, 250123034, 250123035"
MA2171,2203,"250123036, 250123037, 250123038, 250123039, 250123040, 250123041, 250123042, 250123044, 250123045, 250123046, 250123048, 250123049, 250123050, 250123051, 250123052, 250123054, 250123055, 250123056, 250123057, 250123058, 250123059, 250123060, 250123061, 250123062, 250123063, 250123064, 250123065, 250123066, 250123067, 250123068, 250123069, 250123070, 250123071, 250123072, 250123073"
MA4124,2202,"262123005, 262123030 , 262123001, 262123002, 262123003, 262123004, 262123006, 262123007, 262123008, 262123009, 262123010, 262123011, 262123012, 262123013, 262123014, 262123015, 262123016, 262123017, 262123018, 262123019, 262123020, 262123021, 262123022, 262123023, 262123024, 262123025, 262123026, 262123028, 262123029, 262123101"
MA4124,2204,"262123102, 262123103, 262123104, 262123105, 262123106, 262123107, 262123108, 262123109, 262123110, 262123111, 262123112, 262123113, 262123114, 262123115, 262123116, 262123117, 262123118, 262123119, 262123120, 262123121, 262123122, 262123123, 262123124, 262123125 , 262123126, 262123127, 262123128, 252123030, 246102021"
MA5022,5401,"256102106, 252123005, 252123117, 230108040, 252123001, 252123012, 252123016, 252123019, 252123023, 252123025, 252123028, 252123101, 252123102, 252123106, 252123111, 252123115, 252123120, 252123122"
ME2103,5402,"250103001, 250103002, 250103003, 250103004, 250103005, 250103006, 250103007, 250103008, 250103009, 250103010, 250103011, 250103012, 250103013, 250103014, 250103015, 250103016, 250103018, 250103019, 250103020, 250103021, 250103022, 250103023, 250103024, 250103025, 250103026, 250103027, 250103028"
ME2103,5403,"250103030, 250103031, 250103032, 250103033, 250103034, 250103035, 250103036, 250103037, 250103038, 250103039, 250103040, 250103041, 250103042, 250103044, 250103045, 250103046, 250103047, 250103048, 250103049, 250103050, 250103051, 250103052, 250103053, 250103054, 250103055, 250103056, 250103057"
ME2103,5404,"250103058, 250103059, 250103060, 250103061, 250103063, 250103064, 250103065, 250103066, 250103067, 250103068, 250103069, 250103070, 250103071, 250103072, 250103073, 250103074, 250103075, 250103076, 250103077, 250103078, 250103079, 250103080, 250103081, 250103082, 250103083, 250103084, 250103085"
ME2103,5405,"250103086, 250103087, 250103088, 250103089, 250103090, 250103091, 250103092, 250103093, 250103094, 250103095, 250103096, 250103097, 250103098, 250103099, 250103100, 250103101, 250103102, 250103103, 250103104, 250103105, 250103106, 250103107, 250103108, 250103109, 250103110, 250103111, 250103112"
ME2103,5406,"250103113, 250103114, 250103115, 250103116, 250103117, 250103118, 250103119, 250103120, 230103011, 240103031, 240103060, 240103076, 240103110, 240103125, 230103047, 230103068, 240103008"
ME2105,1203,"250107038, 250107001, 250107002, 250107003, 250107004, 250107006, 250107007, 250107008, 250107009, 250107010, 250107011, 250107012, 250107013, 250107014, 250107015, 250107016, 250107017, 250107018, 250107019, 250107020, 250107021, 250107022, 250107023, 250107024, 250107025, 250107026, 250107027, 250107028, 250107029, 250107030"
ME2105,1204,"250107031, 250107032, 250107033, 250107034, 250107035, 250107036, 250107037, 250107039, 250107040, 250107041, 250107042, 250107043, 250107044, 250107045, 250107046, 250107047, 250107048, 250107049, 250107050, 250107051, 250107052, 250107053, 250107054, 250107055, 250107056, 250107057, 250107058, 250107059, 250107061, 250107062"
ME2105,1205,"250107063, 250107064, 250107066, 250107067, 250107068, 250107069, 250107070, 250107071, 250107072, 250107073, 250107074, 250107075, 250107076, 250107077, 250107078, 250107079, 250107080, 250107081, 250107082, 250107083, 250107084, 250107085, 250107086, 250107087, 250107088, 250107089, 250107090, 250107091, 250107092"
ME5510,2204,"264103201, 264103202, 264103203, 264103204, 264103205, 264103206, 264103207, 264103208, 264103209, 264103210, 264103211, 264103212, 264103213, 264103214, 264103215, 264103216, 264103217, 264103219, 264103220, 264103221, 266103001, 266103006, 266103010, 266103013, 266103014, 266103015"
ME5523,5305,"264103001, 264103002, 264103003, 264103004, 264103005, 264103007, 264103008, 264103009, 264103010, 264103011, 264103301, 264103302, 264103303, 264103304, 264103305, 264103306, 264103308, 264103309, 264103310, 264103311, 264103312, 264103313, 264103314, 264103315, 264103316"
ME5523,5306,"264103317, 264103318, 264103319, 264103320, 264103321, 264103322, 264103323, 264103324, 264103325, 264103326, 264103327, 264103328, 264103329, 264103330, 264103331, 264103332, 264103333, 266103003, 266103009, 266103016, 266151007, 254103007, 254103010"
ME5530,5303,"264103101, 264103102, 264103104, 264103105, 264103108, 264103109, 264103111, 264103401, 264103402, 264103403, 264103404, 264103405, 264103406, 264103407, 264103408, 264103409, 264103410, 264103411, 264103412, 264103413, 264103414, 264103415, 264103416, 264103417, 264103418"
ME5530,5304,"264103419, 264103420, 264103421, 264103422, 264103424, 264103425, 264103426, 264103427, 264103428, 264103429, 264103431, 264103432, 264103433, 264103434, 264103435, 264103436, 264103437, 264103438, 264103439, 264103440, 256103101, 266103012, 256103105"
PH2540,2203,"250121001, 250121002, 250121003, 250121004, 250121005, 250121006, 250121007, 250121008, 250121009, 250121010, 250121011, 250121012, 250121014, 250121015, 250121016, 250121017, 250121018, 250121019, 250121020, 250121021, 250121022, 250121023, 250121024, 250121025, 250121026, 250121028, 250121029, 250121030, 250121031, 250121032, 250121033, 250121034, 250121035, 250121037, 250121038"
PH2540,2204,"250121039, 250121040, 250121042, 250121043, 250121044, 250121045, 250121046, 250121047, 250121048, 250121049, 250121050, 250121053, 250121054, 250121055, 250121056, 250121057, 250121058, 250121060, 250121061, 250121063, 250121064, 250121065, 250121066, 250121067, 250121068"
PH4070,5301,"262121014, 262121001, 262121002, 262121003, 262121004, 262121005, 262121006, 262121007, 262121008, 262121009, 262121010, 262121011, 262121012, 262121013, 262121015, 262121016, 262121017, 262121018, 262121019, 262121021, 262121022, 262121023, 262121024, 262121025, 262121026, 262121027, 262121028"
PH4070,5302,"262121029, 262121030, 262121031, 262121033, 262121034, 262121035, 262121036, 262121037, 262121038, 262121039, 262121040, 262121041, 262121042, 262121043, 262121044, 262121045, 262121046, 262121047, 262121048, 262121049, 262121050, 262121051, 262121052, 262121053, 262121054, 262121055"
PH4190,5406,"230121039, 230121045, 230121050, 230121052, 230121058, 220121045"
PH7050,5405,"256121103, 266121002, 266121005, 266121014, 266121018, 266121020, 266121022, 266121028, 266121030, 266121031, 266121033, 266121035"
RT5004,5402,"264154001, 264154002, 264154003, 264154004, 264154005, 264154006, 264154007, 264154008, 264154009, 264154010, 264154011, 256154101, 256157101, 266154003, 266154006, 256154001"
SS5202,3202,"264152001, 264152002, 264152003, 264152004, 264152005, 264152006, 264152007, 264152008, 264152009, 264152010, 264152011, 264152012, 264152013, 264152014, 264152015, 264152016, 264152017, 264152018, 264152019, 264152021, 264152022, 264152023, 264152024, 264152025, 264152026, 264152027, 264152028, 264152029, 264152030, 266102011"
BM6047H,5403,"250107088, 254024012"
BT6044,5405,"264106010, 264106016, 264106017, 264106031, 264106032, 264106040, 264106044, 264106104, 264106107, 264106108, 266106011, 266106012, 266106017, 266107017"
BT6051,5402,"264106002, 264106003, 266122015, 256122012"
CL6040,1203,"266107001, 266149001, 256121106, 266107003, 266107004, 266107005, 266107006, 266107007, 266107009, 266107010, 266107011, 266107012, 266107013, 266107015, 266107016, 266107019, 266107020, 266107021, 266107022, 266149002, 266151008"
CS3201M,5301,"240102003, 240102005, 240102012, 240102018, 240102036, 240102042, 240102061, 240102067, 240102076, 240102101, 240102110, 240102112, 240102113, 240102118, 240102119, 240102123, 240102124, 240102125, 240102126, 240102201, 240102207, 240102208, 240102214, 240102221, 240102243, 240102244, 240102262"
CS3201M,5302,"240102264, 240102265, 240102266, 240102267, 240102268, 240102269, 240102271, 240102272, 240102273, 240102274, 240102275, 240102276, 240102278, 240102279, 240103034, 240103056, 240103063, 240103121, 240104008, 240107003, 240107089, 240107103, 240121068, 240122002, 240122034"
CS5201,5406,"266101004, 266101005, 266101006, 266101007, 266101011, 266101013, 266101014, 266101015, 240106081, 236101005, 256101008, 256101010, 256101016, 256101018"
DA3091M,5303,"240102001, 240102002, 240102010, 240102011, 240102027, 240102028, 240102048, 240102064, 240102071, 240102083, 240102085, 240102086, 240102090, 240102091, 240102092, 240102102, 240102103, 240102104, 240102105, 240102106, 240102114, 240102115, 240102116, 240102117"
DA3091M,5304,"240102232, 240123003, 240123007, 240123010, 240123017, 240123024, 240123027, 240123029, 240123033, 240123042, 240123044, 240123049, 240123052, 240123053, 240123074, 240123076, 240123078, 240151004, 246106004"
DD3101M,5404,"240102228, 240103098, 240106052, 240107088"
DD5557,2204,"230205010, 230205012, 230205013, 230205015, 230205016, 230205017, 230205018, 230205020, 230205022, 230205023, 230205029, 230205030, 230205033, 230205037, 230205045, 230205047, 230205048, 230205052, 220205029, 254205009, 254205012, 254205016"
EE3091M,1205,"240101121, 240103019, 240103022, 240103029, 240103057, 240103058, 240103078, 240103081, 240103082, 240103089, 240103100, 240103120, 240103124, 240104047, 240104084, 240106003, 240107004, 240107019, 240107101, 240121009, 240121012, 240121017, 240121034, 240121049, 240121064, 240122039, 240122042, 240122056, 240150041, 240150042, 240151001, 240151002"
EE5237,2202,"266102026, 230102013, 230102029, 230108052, 230102011, 230102023, 230102038, 230102041, 230102080, 230102082, 230102093, 230102100, 230102106, 230102109, 230102122, 230102125, 230108001, 230108017, 230108019, 230108020, 230108021, 230108022, 230108041, 230108064, 230108079, 236102008"
EE5341,5401,"256123101, 266102003, 266102017, 216201004"
EE5536,1203,"264102503, 264102504, 264102506, 264102507, 264102508, 230102016, 230102039, 230102059, 230102064, 230102065, 230102069, 230102071, 230102072, 230102076, 230102078, 230102121, 230108018, 230108044, 230108056, 230108065"
FT6005,1203,"264162003, 264162004, 264162005, 264162006, 264162007"
HS5203,5406,"262241038, 256149101, 266141008, 266141011, 252241101, 252241111, 252241113"
HS6224,1205,"252241001, 252241002, 252241003, 252241004, 252241005, 252241006, 252241008, 252241009, 252241011, 252241012, 252241013, 252241014, 252241015, 252241017, 252241018, 252241019, 252241020, 252241021, 252241023, 252241025, 252241026, 252241027, 252241028, 252241029, 252241032, 252241033, 252241034, 252241035, 252241036, 252241037, 252241038, 252241039, 252241040, 252241041, 252241042, 252241043"
HS7047,5405,"256141101, 256141102, 266141002, 266141005, 266141009, 256141105"
HT1105,5404,"260359001, 260359002, 260359003, 260359004, 260359005, 260359006, 260359007, 260359008, 260359009, 260359010, 260359011, 260359012, 260359014 , 260359015 , 260359016 , 260359017 , 260359018, 260359019, 260359020, 260359021, 260359022"
HT2103,5403,"250359001, 250359002, 250359003, 250359004, 250359005, 250359009, 250359010, 250359011, 250359013, 250359015, 250359016, 250359018, 250359019, 250359020, 250359021, 250359022, 250359023, 250359006"
MA3911M,2204,"240101062, 240101124, 240102063, 240102100, 240102108, 240102206, 240102277, 240103028, 240103054, 240104067, 240104072, 240107068, 240107093, 240121007, 240121014, 240121016, 240121024, 240121033, 240121038, 240121054, 240122025, 240150032, 240150045, 240150046, 240150047"
MA5074,5401,"252123002, 252123003, 252123004, 252123006, 252123007, 252123008, 252123009, 252123010, 252123011, 252123013, 252123014, 252123015, 252123017, 252123018, 252123020, 252123021, 252123022, 252123024, 252123026, 252123027, 252123028, 252123103"
MA5074,5402,"252123104, 252123107, 252123108, 252123109, 252123113, 252123114, 252123116, 252123118, 252123119, 252123121, 252123123, 252123124, 252123125, 252123126, 252123127, 252123128, 252123129"
ME5521,5305,"264103002, 264103102, 264103301, 264103302, 264103303, 264103304, 264103305, 264103306, 264103308, 264103309, 264103310, 264103311, 264103312, 264103313, 264103314, 264103315, 264103316, 264103317, 264103318, 264103319, 264103320, 264103321, 264103322, 264103323"
ME5521,5306,"264103324, 264103325, 264103326, 264103327, 264103328, 264103329, 264103330, 264103331, 264103332, 264103333, 256103104, 256103107, 256103111, 266103003, 266103009, 266103016, 254103002, 254103007"
ME6608,2201,"264103106, 264103109, 264103110, 264103112, 264103201, 264103202, 264103203, 264103204, 264103205, 264103206, 264103207, 264103209, 264103210, 264103211, 264103212, 264103213, 264103215, 264103216, 264103217, 264103219, 264103220, 264103221, 264103401, 264103402, 264103403, 264103404, 264103405, 264103406, 264103407, 264103408, 264103409, 264103410, 264103411, 264103412, 264103413, 264103414"
ME6608,2203,"264103415, 264103416, 264103417, 264103419, 264103422, 264103424, 264103426, 264103427, 264103428, 264103429, 264103431, 264103432, 264103433, 264103435, 264103438, 264103439, 264103440, 256103110, 266103001, 266103002, 266103005, 266103006, 266103014, 266103015, 266106034, 266152001, 254103212, 254103214, 254103217, 254103218, 254103101, 256103105"
ME6644,2201,"264103420, 264103421, 264103434, 264103436, 256103106, 230103003, 230103004, 230103007, 230103009, 230103013, 230103018, 230103019, 230103020, 230103023, 230103026, 230103027, 230103028, 230103032, 230103033, 230103034, 230103035, 230103037, 230103040, 230103041, 230103043, 230103055, 230103058, 230103060, 230103061, 230103062, 230103065, 230103068, 230103069, 230103072, 230103077, 230103079"
ME6644,2203,"230103080, 230103081, 230103086, 230103087, 230103088, 230103089, 230103090, 230103091, 230103092, 230103094, 230103095, 230103099, 230103100, 230103102, 230103104, 230103105, 230103106, 230103107, 230103108, 230103114, 230103117, 230103120, 230103121, 230103122, 230103124, 230103125, 230103126, 230103127, 230103129, 230103130, 230103133"
ME6689,5405,"230103014, 230103021, 230103038, 230103044, 230103047, 230103049, 230103050, 230103057, 230103059, 230103070, 230103082, 230103098, 230103115, 230103131"
PH1110H,5401,"260102023, 260102074, 260102084, 260102102, 260102001, 260102002, 260102003, 260102004, 260102005, 260102006, 260102007, 260102008, 260102009, 260102010, 260102011, 260102012, 260102013, 260102014, 260102015, 260102016, 260102017, 260102018, 260102019, 260102020, 260102021, 260102022, 260102024"
PH1110H,5402,"260102025, 260102026, 260102027, 260102028, 260102029, 260102030, 260102031, 260102032, 260102033, 260102034, 260102035, 260102036, 260102037, 260102039, 260102040, 260102041, 260102042, 260102043, 260102044, 260102045, 260102046, 260102047, 260102048, 260102049, 260102050, 260102051, 260102052"
PH1110H,5403,"260102053, 260102054, 260102055, 260102056, 260102057, 260102058, 260102059, 260102060, 260102061, 260102062, 260102063, 260102064, 260102065, 260102066, 260102067, 260102068, 260102069, 260102070, 260102071, 260102072, 260102073, 260102075, 260102076, 260102077, 260102078, 260102079, 260102080"
PH1110H,5404,"260102081, 260102082, 260102083, 260102085, 260102086, 260102087, 260102088, 260102089, 260102090, 260102091, 260102092, 260102093, 260102094, 260102095, 260102096, 260102097, 260102098, 260102099, 260102100, 260102101, 260102103, 260102104, 260102105, 240101011, 240122008"
PH1111H,1204,"260102203, 260102214, 260102238, 260102201, 260102202, 260102204, 260102205, 260102206, 260102207, 260102208, 260102209, 260102210, 260102211, 260102212, 260102213, 260102215, 260102216, 260102217, 260102218, 260102219, 260102220, 260102221, 260102222, 260102223, 260102224, 260102225, 260102226, 260102227, 260102228, 260102229"
PH1111H,1203,"260102230, 260102231, 260102232, 260102233, 260102234, 260102235, 260102236, 260102237, 260102239, 260102240, 260102241, 260102242, 260102243, 260102244, 260102245, 260102246, 260102247, 260102248, 260102249, 260102250, 260102251, 260102252, 260102253, 260102254, 260102255, 260102256, 260102257, 260102258, 260102259, 260102260, 260102261"
PH1112H,5301,"260104001, 260104002, 260104003, 260104004, 260104005, 260104006, 260104007, 260104008, 260104009, 260104010, 260104011, 260104012, 260104013, 260104014, 260104015, 260104016, 260104017, 260104018, 260104019, 260104020, 260104021, 260104022, 260104023, 260104024, 260104025, 260104026"
PH1112H,5302,"260104027, 260104028, 260104029, 260104030, 260104031, 260104032, 260104033, 260104034, 260104035, 260104036, 260104037, 260104038, 260104039, 260104040, 260104041, 260104042, 260104043, 260104044, 260104045, 260104046, 260104047, 260104048, 260104049, 260104050, 260104051, 260104052"
PH1112H,5303,"260104053, 260104054, 260104055, 260104056, 260104057, 260104058, 260104059, 260104060, 260104061, 260104062, 260104063, 260104064, 260104065, 260104066, 260104067, 260104068, 260104069, 260104070, 260104071, 260104072, 260104073, 260104074, 260104075, 260104076, 260104077, 260104078"
PH1112H,5304,"260104080, 260104081, 260104082, 260104083, 260104084, 260104085, 260104086, 260104087, 260104088, 260104089, 260104090, 260104091, 260104092, 260104093, 260104094, 260104095, 260104096, 260104097, 260104098, 260104099, 260104100, 260104102, 260104103, 260104104, 260104105, 260104106"
PH1112H,5305,"260104107, 260104108, 260104109, 260104110, 260104111, 260104112, 260104113, 260104114, 260104115, 260104116, 220106065, 240104011, 240106041, 240121043, 250104010, 250104011, 250104022, 250104055, 250104062"
PH1113H,1201,"260107005, 260107001, 260107002, 260107003, 260107004, 260107006, 260107008, 260107010, 260107011, 260107012, 260107013, 260107014, 260107015, 260107016, 260107017, 260107018, 260107019, 260107020, 260107021, 260107022, 260107023, 260107024, 260107025, 260107026, 260107027, 260107028, 260107029, 260107030, 260107031, 260107032"
PH1113H,1202,"260107033, 260107034, 260107035, 260107036, 260107037, 260107038, 260107039, 260107041, 260107042, 260107043, 260107044, 260107045, 260107046, 260107047, 260107049, 260107051, 260107052, 260107053, 260107054, 260107055, 260107056, 260107057, 260107058, 260107059, 260107060, 260107061, 260107062, 260107063, 260107064, 260107065"
PH1113H,1205,"260107066, 260107067, 260107068, 260107070, 260107072, 260107073, 260107074, 260107075, 260107076, 260107077, 260107078, 260107080, 260107081, 260107082, 260107083, 260107084, 260107085, 260107086, 260107087, 260107088, 260107089, 260107090, 260107091, 260107092, 250107079"
PH1114H,4201,"260122001, 260122002, 260122003, 260122004, 260122005, 260122006, 260122007, 260122008, 260122009, 260122010, 260122011, 260122012, 260122013, 260122015, 260122016, 260122017, 260122018, 260122019, 260122020, 260122021, 260122022, 260122023, 260122024, 260122025, 260122026, 260122027, 260122028, 260122029, 260122030, 260122031"
PH1114H,4202,"260122032, 260122033, 260122035, 260122036, 260122037, 260122038, 260122039, 260122040, 260122041, 260122042, 260122043, 260122044, 260122045, 260122046, 260122047, 260122048, 260122049, 260122050, 260122051, 260122052, 260122053, 260122054, 260122055, 260122056, 260122057, 260122058, 260122059, 260122060, 250122022"
PH1115H,5306,"260123052, 260123057, 260123065, 260123070, 260123001, 260123002, 260123003, 260123004, 260123005, 260123006, 260123007, 260123008, 260123009, 260123010, 260123011, 260123012, 260123013, 260123014, 260123015, 260123016, 260123017, 260123018, 260123019, 260123020, 260123021"
PH1115H,5405,"260123022, 260123023, 260123024, 260123025, 260123026, 260123027, 260123028, 260123029, 260123030, 260123031, 260123032, 260123033, 260123034, 260123035, 260123036, 260123037, 260123038, 260123039, 260123040, 260123041, 260123042, 260123043, 260123044, 260123045, 260123046"
PH1115H,5406,"260123047, 260123048, 260123049, 260123050, 260123051, 260123053, 260123054, 260123055, 260123058, 260123059, 260123060, 260123061, 260123062, 260123063, 260123064, 260123066, 260123067, 260123068, 260123069, 260123071, 260123072"
PH1116H,2203,"260150004, 260150032, 260150049, 260150001, 260150002, 260150003, 260150005, 260150006, 260150007, 260150008, 260150009, 260150010, 260150011, 260150012, 260150013, 260150014, 260150015, 260150016, 260150017, 260150018, 260150019, 260150020, 260150021, 260150022, 260150023, 260150024, 260150026, 260150027, 260150028, 260150029, 260150030, 260150031, 260150033, 260150034, 260150035, 260150036"
PH1116H,2204,"260150037, 260150038, 260150039, 260150040, 260150041, 260150042, 260150043, 260150044, 260150045, 260150046, 260150047, 260150048, 260150050, 260150051, 260150052, 260150053, 260150054, 260150055, 260150056, 260150057, 260150058, 260150059, 260150060, 250150002, 250150041, 250150010"
PH1130,2201,"260121001, 260121002, 260121003, 260121004, 260121005, 260121006, 260121007, 260121008, 260121009, 260121010, 260121011, 260121012, 260121013, 260121015, 260121016, 260121017, 260121018, 260121019, 260121020, 260121021, 260121022, 260121023, 260121024, 260121025, 260121026, 260121027, 260121028, 260121029, 260121030, 260121031, 260121033, 260121034, 260121035, 260121036, 260121037, 260121038, 260121039, 260121040"
PH1130,2202,"260121041, 260121042, 260121043, 260121044, 260121045, 260121046, 260121047, 260121048, 260121049, 260121050, 260121051, 260121052, 260121053, 260121054, 260121055, 260121056, 260121057, 260121058, 260121059, 260121060, 260121061, 260121062, 260121063, 260121064, 260121065, 260121066, 260121067"
PH3091M,5306,"240101009, 240102038, 240102109, 240103027"
PH5350,2202,"230121004, 230121009, 230121010, 230121026, 230121028, 230121042, 230121052, 230121058, 230121063, 230121066, 230121067, 220121024, 252121002, 252121003, 252121005, 252121006, 252121016, 252121030, 252121032, 252121033, 252121034, 252121035, 252121036, 252121038, 252121043, 252121046, 252121049, 252121050, 252121053, 242121039"
BM5102H,1204,"264024001, 264024003, 264024004, 264024005, 264024006, 264024008, 264024009, 264024010, 264024011, 264024012, 264024013, 264024014, 264024016, 264024017, 264024018, 264024019, 264024020, 264024021, 264024022, 264024023, 264024024, 264024025, 264024026, 264024027"
BT4421,1205,"254106009, 230106006, 230106009, 230106018, 230106021, 230106023, 230106024, 230106025, 230106026, 230106030, 230106034, 230106036, 230106041, 230106042, 230106047, 230106048, 230106059, 230106060, 230106067, 230106069, 230106070, 230106073, 230106074, 230106077, 230106079, 230106081, 230106082, 254106005"
BT5104,1202,"264106101, 264106102, 264106103, 264106104, 264106105, 264106106, 264106107, 264106108, 264106109, 264106110, 266106013, 266106014, 266106022, 266106030, 266107015, 266152005, 266152002, 256106013"
CE5042,5304,"264104309, 264104301, 264104302, 264104303, 264104304, 264104305, 264104306, 264104307, 264104308, 256104106, 266104010, 266104015, 256104018"
CE5054,5302,"264104601, 264104603, 264104604, 264104605, 264104606, 264104607, 264104608, 264104609, 264104610, 264104611, 264104612, 264104613, 256104108, 266104013, 266104023"
CE5087,5303,"266104007, 266104014, 266104019, 266104022, 230104023, 230104049, 230104050, 230104051, 230104052, 230104086, 230104087, 230104110, 230104115, 230104116, 230104117"
CE6060,5305,"264104507, 256104111, 266104021, 230104007, 230104008, 230104028, 230104033, 230104047, 230104065, 230104091, 230104108"
CH2102,1203,"250122001, 250122002, 250122003, 250122004, 250122005, 250122006, 250122007, 250122008, 250122009, 250122010, 250122011, 250122012, 250122013, 250122014, 250122016, 250122017, 250122018, 250122019, 250122020, 250122021, 250122022, 250122023, 250122024, 250122025, 250122026, 250122027, 250122028, 250122029, 250122030, 250122031"
CH2102,1205,"250122032, 250122033, 250122034, 250122035, 250122037, 250122038, 250122039, 250122040, 250122041, 250122042, 250122043, 250122044, 250122045, 250122046, 250122047, 250122048, 250122049, 250122050, 250122051, 250122052, 250122053, 250122054, 250122055, 250122057, 250122058, 250122059, 250122060, 250122061, 250122062, 250122063, 250122064, 250122065, 220122022"
CL2101,1203,"250107038, 250107001, 250107002, 250107003, 250107004, 250107006, 250107007, 250107008, 250107009, 250107010, 250107011, 250107012, 250107013, 250107014, 250107015, 250107016, 250107017, 250107018, 250107019, 250107020, 250107021, 250107022, 250107023, 250107024, 250107025, 250107026, 250107027, 250107028"
CL2101,1204,"250107029, 250107030, 250107031, 250107032, 250107033, 250107034, 250107035, 250107036, 250107037, 250107039, 250107040, 250107041, 250107042, 250107043, 250107044, 250107045, 250107046, 250107047, 250107048, 250107049, 250107050, 250107051, 250107052, 250107053, 250107054, 250107055, 250107056, 250107057"
CL2101,1205,"250107058, 250107059, 250107061, 250107062, 250107063, 250107064, 250107066, 250107067, 250107068, 250107069, 250107070, 250107071, 250107072, 250107073, 250107074, 250107075, 250107076, 250107077, 250107078, 250107079, 250107080, 250107081, 250107082, 250107083, 250107084, 250107085, 250107086, 250107087, 250107088, 250107089, 250107090, 250107091, 250107092"
CS2003,1201,"250101056, 250101063, 250101089, 250101100, 220101105, 250101001, 250101002, 250101003, 250101004, 250101005, 250101006, 250101007, 250101008, 250101009, 250101010, 250101011, 250101012, 250101013, 250101014, 250101015, 250101016, 250101017, 250101018, 250101019, 250101020, 250101021, 250101022, 250101023, 250101024, 250101025"
CS2003,1202,"250101026, 250101027, 250101028, 250101029, 250101030, 250101031, 250101032, 250101033, 250101034, 250101035, 250101036, 250101037, 250101038, 250101040, 250101041, 250101042, 250101043, 250101044, 250101045, 250101046, 250101047, 250101048, 250101049, 250101050, 250101051, 250101053, 250101054, 250101055, 250101057, 250101058"
CS2003,1203,"250101059, 250101060, 250101061, 250101062, 250101064, 250101065, 250101066, 250101067, 250101068, 250101069, 250101070, 250101071, 250101072, 250101073, 250101074, 250101075, 250101076, 250101077, 250101078, 250101079, 250101080, 250101081, 250101082, 250101083, 250101084, 250101085, 250101086, 250101087, 250101088, 250101090"
CS2003,1204,"250101091, 250101092, 250101093, 250101094, 250101095, 250101096, 250101097, 250101098, 250101099, 250101101, 250101103, 250101104, 250101105, 250101106, 250101109, 250101110, 250101111, 250101112, 250101113, 250101114, 250101115, 250101116, 220101052, 220101084, 240101047, 220101081, 240101076"
CS5393,5301,"264101008, 264101010, 264101011, 264101012, 264101016, 264101018, 264101019, 264101024, 264101025, 264101026, 264101027, 264101028, 264101029, 264101030, 264101031, 264101034, 264101043, 264101046, 264101050, 264101052, 264101053, 264101054, 264101056, 264101059, 264101067, 264101069, 266101001"
CS5393,5302,"266102003, 266102009, 266102017, 266150005, 266150006, 266150008, 220101001, 230101004, 230101080, 230101096, 230101113, 230101001, 230101002, 230101006, 230101007, 230101008, 230101009, 230101011, 230101012, 230101013, 230101014, 230101016, 230101018, 230101019, 230101023, 230101024, 230101025"
CS5393,5303,"230101027, 230101028, 230101029, 230101031, 230101032, 230101033, 230101037, 230101039, 230101040, 230101042, 230101043, 230101044, 230101045, 230101047, 230101048, 230101049, 230101053, 230101054, 230101057, 230101058, 230101059, 230101060, 230101061, 230101062, 230101063, 230101066, 230101067"
CS5393,5304,"230101070, 230101071, 230101073, 230101075, 230101077, 230101079, 230101081, 230101082, 230101085, 230101086, 230101087, 230101088, 230101091, 230101092, 230101094, 230101097, 230101098, 230101099, 230101101, 230101106, 230101107, 230101108, 230101110, 230101111, 230101112, 230101114, 230101115"
CS5393,5305,"230101117, 230101120, 230101122, 230101123, 230101124, 220101037, 230101055, 254101038, 254156012, 256101011, 256101015, 216201004, 256101010, 256104018"
DA2121,5405,"250150002, 250150036, 250150041, 250150001, 250150003, 250150004, 250150005, 250150006, 250150007, 250150008, 250150009, 250150010, 250150011, 250150012, 250150013, 250150014, 250150015, 250150016, 250150017, 250150018, 250150020, 250150021, 250150022, 250150023, 250150024, 250150025, 250150026"
DA2121,5406,"250150027, 250150028, 250150029, 250150030, 250150031, 250150032, 250150033, 250150034, 250150035, 250150037, 250150038, 250150039, 250150040, 250150042, 250150043, 250150044, 250150045, 250150046, 250150047, 250150048, 250150050"
DA4021,5403,"230121012, 230121017, 230121023, 230121026, 230121028, 230121030, 230121034, 230121041, 230121042, 230121043, 230121044, 230121048, 230121051, 230121055, 230121066, 230150002, 230150003, 230150004, 230150005, 230150006, 230150007, 230150009, 230150010, 230150011, 230150012"
DA4021,5404,"230150013, 230150014, 230150015, 230150016, 230150017, 230150018, 230150019, 230150020, 230150021, 230150022, 230150023, 230150025, 230150026, 230150027, 230150028, 230150029, 230150030, 230150031, 230150032, 230150033, 230150034, 254156012, 254161011"
DD5526,1204,"266105007, 230205007, 230205008, 230205009, 230205014, 230205034, 230205036, 230205039, 230205040, 230205041, 230205042, 230205053, 230205054, 254205003, 254205025, 254205108, 254205118, 254205119, 254205128, 266105015"
EE5003,5001,"264102001, 264102002, 264102004, 264102005, 264102006, 264102007, 264102008, 264102009, 264102010, 264102011, 264102012, 264102013, 264102014, 264102016, 264102017, 264102018, 264102019, 264102020"
EN5204,5305,"264351008, 264351009, 264351013, 266151005, 266153003, 230151002, 230151007, 230151011, 230151013, 230151018"
HS4005,1201,"262241001, 262241002, 262241003, 262241004, 262241005, 262241006, 262241007, 262241008, 262241009, 262241010, 262241011, 262241012, 262241013, 262241014, 262241015, 262241016, 262241017, 262241018, 262241019, 262241021, 262241022, 262241024, 262241025, 262241026, 262241027, 262241028, 262241029, 262241030"
HS4005,1202,"262241031, 262241032, 262241034, 262241035, 262241036, 262241037, 262241038, 262241039, 262241040, 262241041, 262241042, 262241043, 262241044, 262241045, 262241046, 262241047, 262241048, 262241049, 262241051, 262241052, 262241053, 262241054, 262241055, 252241012, 252241026"
HS5213,5306,"262241102, 262241103, 262241104, 262241105, 262241107"
HS7060,5306,266141014
HT5005,5403,"264159001, 264159002, 264159003, 264159004, 264159005, 264159006, 264159007, 264159008, 264159009, 264159010, 264159011, 264159012, 264159013, 264159014, 264159015, 264159016, 264159017, 264159019, 264159101, 264159102, 264159103, 264159104, 264159105, 264159106"
HT5005,5404,"264159107, 264159108, 264159109, 264159110, 264159111, 264159112, 264159113, 264159114, 264159115, 264159117, 264159119, 264159120, 256102103, 266159001, 266159002, 266159008, 266159009"
MA2172,5401,"250123025, 250123043, 250123047, 250123001, 250123002, 250123003, 250123004, 250123005, 250123006, 250123007, 250123008, 250123009, 250123010, 250123011, 250123012, 250123013, 250123014, 250123015, 250123016, 250123017, 250123018, 250123019, 250123020, 250123021, 250123022"
MA2172,5402,"250123023, 250123024, 250123026, 250123027, 250123028, 250123029, 250123030, 250123031, 250123032, 250123033, 250123034, 250123035, 250123036, 250123037, 250123038, 250123039, 250123040, 250123041, 250123042, 250123044, 250123045, 250123046, 250123048, 250123049, 250123050"
MA2172,5403,"250123051, 250123052, 250123054, 250123055, 250123056, 250123057, 250123058, 250123059, 250123060, 250123061, 250123062, 250123063, 250123064, 250123065, 250123066, 250123067, 250123068, 250123069, 250123070, 250123071, 250123072, 250123073"
MA4171,1201,"262123005, 262123030 , 262123001, 262123002, 262123003, 262123004, 262123006, 262123007, 262123008, 262123009, 262123010, 262123011, 262123012, 262123013, 262123014, 262123015, 262123016, 262123017, 262123018, 262123019, 262123020, 262123021, 262123022, 262123023, 262123024, 262123025, 262123026, 262123028, 262123029, 262123101"
MA4171,1202,"262123102, 262123103, 262123104, 262123105, 262123106, 262123107, 262123108, 262123109, 262123110, 262123111, 262123112, 262123113, 262123114, 262123115, 262123116, 262123117, 262123118, 262123119, 262123120, 262123121, 262123122, 262123123, 262123124, 262123125, 262123126, 262123127, 262123128, 252123030, 252123123"
MA6056,5301,"256123101, 266123004, 266123011, 266123013, 230101102, 230101102, 230123001, 230123012, 230123027, 230123028, 230123031, 230123047, 230123058, 230123077, 252123004, 252123112, 252123130"
ME2104,5003,"240103065, 250103001, 250103002, 250103003, 250103004, 250103005, 250103006, 250103007, 250103008, 250103009, 250103010, 250103011, 250103012, 250103013, 250103014, 250103015, 250103016, 250103018, 250103019, 250103020, 250103021, 250103022, 250103023, 250103024, 250103025, 250103026, 250103027, 250103028, 250103030, 250103031"
ME2104,5004,"250103032, 250103033, 250103034, 250103035, 250103036, 250103037, 250103038, 250103039, 250103040, 250103041, 250103042, 250103044, 250103045, 250103046, 250103047, 250103048, 250103049, 250103050, 250103051, 250103052, 250103053, 250103054, 250103055, 250103056, 250103057, 250103058, 250103059, 250103060, 250103061, 250103063"
ME2104,5005,"250103064, 250103065, 250103066, 250103067, 250103068, 250103069, 250103070, 250103071, 250103072, 250103073, 250103074, 250103075, 250103076, 250103077, 250103078, 250103079, 250103080, 250103081, 250103082, 250103083, 250103084, 250103085, 250103086, 250103087, 250103088, 250103089, 250103090, 250103091, 250103092, 250103093"
ME2104,5006,"250103094, 250103095, 250103096, 250103097, 250103098, 250103099, 250103100, 250103101, 250103102, 250103103, 250103104, 250103105, 250103106, 250103107, 250103108, 250103109, 250103110, 250103111, 250103112, 250103113, 250103114, 250103115, 250103116, 250103117, 250103118, 250103119, 250103120"
PH2110H,1203,"250121001, 250121002, 250121003, 250121004, 250121005, 250121006, 250121007, 250121008, 250121009, 250121010, 250121011, 250121012, 250121014, 250121015, 250121016, 250121017, 250121018, 250121019, 250121020, 250121021, 250121022, 250121023, 250121024, 250121025, 250121026, 250121027, 250121028, 250121029, 250121030, 250121031"
PH2110H,1205,"250121032, 250121033, 250121034, 250121035, 250121037, 250121038, 250121039, 250121040, 250121042, 250121043, 250121044, 250121045, 250121046, 250121047, 250121048, 250121049, 250121050, 250121053, 250121054, 250121055, 250121056, 250121057, 250121058, 250121060, 250121061, 250121063, 250121064, 250121065, 250121066, 250121067, 250121068"
PH4010,5405,"262121014, 262121001, 262121002, 262121003, 262121004, 262121005, 262121006, 262121007, 262121008, 262121009, 262121010, 262121011, 262121012, 262121013, 262121015, 262121016, 262121017, 262121018, 262121019, 262121021, 262121022, 262121023, 262121024, 262121025, 262121026, 262121027, 262121028"
PH4010,5406,"262121029, 262121030, 262121031, 262121033, 262121034, 262121035, 262121036, 262121037, 262121038, 262121039, 262121040, 262121041, 262121042, 262121043, 262121044, 262121045, 262121046, 262121047, 262121048, 262121049, 262121050, 262121051, 262121052, 262121053, 262121054, 262121055, 252121017"
RT5020,5301,"264154001, 264154002, 264154003, 264154004, 264154009, 264154010, 264162005, 264162006, 264162007, 256154102, 266107003, 266107005, 266107009, 266107019, 266154004, 266154007, 266154008"
SS5301,5306,"256104105, 256148101, 266101010, 266101012"
BM6003H,2204,"256124102, 266124001, 266124002, 266124003, 230107070, 254024001, 254024004, 254024005, 254024007, 254024008, 254024009, 254024010, 254024012, 254024016, 254024017, 254024018, 254024020, 254024022, 254107128"
BT1101,2202,"260106001, 260106002, 260106003, 260106004, 260106005, 260106006, 260106008, 260106009, 260106010, 260106011, 260106012, 260106013, 260106016, 260106017, 260106018, 260106019, 260106020, 260106021, 260106022, 260106023, 260106024, 260106025, 260106026, 260106027, 260106029"
BT1101,2203,"260106030, 260106031, 260106032, 260106033, 260106034, 260106035, 260106036, 260106037, 260106038, 260106039, 260106040, 260106041, 260106042, 260106043, 260106046, 260106047, 260106049, 260106050, 260106051, 260106052, 260106054, 260106055, 260106056, 260106057, 260106058, 260106059, 260106060, 260106061, 260106062, 260106064, 260106065, 260106066, 260106067, 260106068, 260106069"
BT1101,2204,"260106070, 260106071, 260106072, 260106073, 260106074, 230108022, 220103041, 220106049, 220122042, 230103076, 230104109, 230106064, 240107041, 250106070, 250106075"
CE1101,1202,"260104001, 260104002, 260104003, 260104004, 260104005, 260104006, 260104007, 260104008, 260104009, 260104010, 260104011, 260104012, 260104013, 260104014, 260104015, 260104016, 260104017, 260104018, 260104019, 260104020, 260104021, 260104022, 260104023, 260104024, 260104025, 260104026, 260104027, 260104028"
CE1101,1203,"260104029, 260104030, 260104031, 260104032, 260104033, 260104034, 260104035, 260104036, 260104037, 260104038, 260104039, 260104040, 260104041, 260104042, 260104043, 260104044, 260104045, 260104046, 260104047, 260104048, 260104049, 260104050, 260104051, 260104052, 260104053, 260104054, 260104055, 260104056, 260104057, 260104058"
CE1101,1204,"260104059, 260104060, 260104061, 260104062, 260104063, 260104064, 260104065, 260104066, 260104067, 260104068, 260104069, 260104070, 260104071, 260104072, 260104073, 260104074, 260104075, 260104076, 260104077, 260104078, 260104080, 260104081, 260104082, 260104083, 260104084, 260104085, 260104086, 260104087, 260104088, 260104089"
CE1101,1205,"260104090, 260104091, 260104092, 260104093, 260104094, 260104095, 260104096, 260104097, 260104098, 260104099, 260104100, 260104102, 260104103, 260104104, 260104105, 260104106, 260104107, 260104108, 260104109, 260104110, 260104111, 260104112, 260104113, 260104114, 260104115, 260104116"
CE3904,5403,"240104001, 240104002, 240104003, 240104004, 240104005, 240104006, 240104007, 240104008, 240104009, 240104011, 240104012, 240104013, 240104014, 240104015, 240104016, 240104018, 240104019, 240104020, 240104021, 240104022, 240104023, 240104024, 240104025, 240104027, 240104028, 240104029, 240104031"
CE3904,5404,"240104032, 240104033, 240104034, 240104035, 240104036, 240104037, 240104039, 240104040, 240104041, 240104042, 240104043, 240104044, 240104045, 240104046, 240104047, 240104048, 240104049, 240104050, 240104051, 240104052, 240104053, 240104054, 240104055, 240104056, 240104057, 240104058, 240104059"
CE3904,5405,"240104060, 240104061, 240104062, 240104063, 240104064, 240104065, 240104066, 240104067, 240104068, 240104069, 240104070, 240104071, 240104072, 240104073, 240104074, 240104075, 240104076, 240104077, 240104080, 240104081, 240104082, 240104083, 240104084, 240104085, 240104086, 240104087, 240104088"
CE3904,5406,"240104089, 240104090, 240104091, 240104093, 240104094, 240104096, 240104097, 240104098, 240104099, 240104101, 240104102, 240104103, 240104104, 240104106, 240104107, 240104108, 240104109, 240104110, 240104112, 240104113, 240104114, 240104115, 240104116, 230104004"
CL2103,5001,"250107038, 250107001, 250107002, 250107003, 250107004, 250107006, 250107007, 250107008, 250107009, 250107010, 250107011, 250107012, 250107013, 250107014, 250107015, 250107016, 250107017, 250107018, 250107019, 250107020, 250107021, 250107022, 250107023, 250107024, 250107025, 250107026, 250107027, 250107028, 250107029, 250107030"
CL2103,5002,"250107031, 250107032, 250107033, 250107034, 250107035, 250107036, 250107037, 250107039, 250107040, 250107041, 250107042, 250107043, 250107044, 250107045, 250107046, 250107047, 250107048, 250107049, 250107050, 250107051, 250107052, 250107053, 250107054, 250107055, 250107056, 250107057, 250107058, 250107059, 250107061, 250107062"
CL2103,5003,"250107063, 250107064, 250107066, 250107067, 250107068, 250107069, 250107070, 250107071, 250107072, 250107073, 250107074, 250107075, 250107076, 250107077, 250107078, 250107079, 250107080, 250107081, 250107082, 250107083, 250107084, 250107085, 250107086, 250107087, 250107088, 250107089, 250107090, 250107091, 250107092"
CL6023,5301,"256107105, 256107110, 256158101, 266107009, 266107010, 266107011, 266107013, 266159007, 230102079, 230107028, 200107037 , 230101072, 230102034, 230103057, 230103097, 230103102, 230103120, 230103125, 230104009, 230104038, 230104072, 230104106, 230104110, 230106059, 230106065, 230107004, 230107015"
CL6023,5302,"230107016, 230107018, 230107020, 230107022, 230107025, 230107029, 230107032, 230107034, 230107039, 230107040, 230107042, 230107043, 230107045, 230107048, 230107051, 230107054, 230107055, 230107056, 230107059, 230107062, 230107068, 230107074, 230107078, 230107081, 230107083, 230107087, 230107088"
CL6023,5303,"230107091, 230107094, 230107102, 230107104, 230107109, 230108013, 230108029, 230122004, 230122010, 230122058, 230122060, 230151008, 230151014, 230151020, 240102006, 240102017, 240102046, 240102052, 240102059, 240102095, 240102099, 240102208, 240102210, 240102211, 240102245, 240102247, 240102249"
CL6023,5304,"240102274, 240107009, 240107010, 240107016, 240107017, 240107023, 240107024, 240107029, 240107034, 240107037, 240107047, 240107048, 240107050, 240107052, 240107053, 240107054, 240107058, 240107064, 240107065, 240107066, 240107069, 240107072, 240107075, 240107077, 240107079, 240107082, 240107083"
CL6023,5305,"240107084, 240107088, 240107090, 240107092, 240107095, 240107097, 240122003, 240122008, 240122013, 240122014, 240122024, 240122028, 240122039, 240122044, 240122046, 240122048, 240122051, 240122052, 240122053, 240122056, 240122059, 256122012"
CS3001,5401,"240102001, 240102002, 240102003, 240102004, 240102007, 240102008, 240102009, 240102010, 240102014, 240102015, 240102018, 240102023, 240102024, 240102028, 240102029, 240102032, 240102039, 240102040, 240102042, 240102044, 240102048, 240102055, 240102058, 240102063, 240102064"
CS3001,5402,"240102066, 240102069, 240102070, 240102075, 240102076, 240102079, 240102081, 240102083, 240102087, 240102091, 240102092, 240102101, 240102103, 240102105, 240102112, 240102113, 240102114, 240102117, 240102118, 240102121, 240102122, 240102123, 240102124, 240102125, 240102201"
CS3001,5403,"240102202, 240102203, 240102206, 240102207, 240102209, 240102212, 240102214, 240102216, 240102221, 240102227, 240102229, 240102232, 240102233, 240102234, 240102235, 240102237, 240102238, 240102239, 240102240, 240102242, 240102243, 240102246, 240102257, 240102260, 240102265"
CS3001,5404,"240102267, 240102270, 240102273, 240102276, 240102279, 240107002, 240107003, 240107008, 240107011, 240107021, 240107032, 240107033, 240107036, 240107042, 240107043, 240107056, 240107059, 240107062, 240107068, 240107078, 240107081, 240107085, 240107086, 240107087, 240107089"
CS3001,5405,"240107094, 240107103, 240122001, 240122002, 240122006, 240122015, 240122021, 240122022, 240122023, 240122027, 240122029, 240122031, 240122032, 240122034, 240122041, 240122042, 240122045, 240122049, 240122057, 240122063, 240122064, 240122065, 240122066"
CS5099,5304,"264101007, 264101049, 256123103, 230101005, 230101080, 230101113, 240101005, 230101001, 230101003, 230101006, 230101008, 230101010, 230101013, 230101016, 230101020, 230101022, 230101031, 230101032, 230101034, 230101037, 230101039, 230101040, 230101042, 230101048, 230101049, 230101054, 230101057"
CS5099,5305,"230101059, 230101060, 230101064, 230101065, 230101070, 230101075, 230101083, 230101084, 230101085, 230101088, 230101095, 230101102, 230101104, 230101105, 230101107, 230101110, 230101111, 230101117, 230101119, 230101122, 230101125, 240101004, 240101006, 240101008, 240101010, 240101024, 240101025"
CS5099,5306,"240101029, 240101036, 240101043, 240101046, 240101051, 240101054, 240101070, 240101076, 240101084, 240101094, 240101095, 240101106, 240101107, 240101113, 240101114, 240101118, 240101119, 240101123, 220101055"
CS5291,5301,"264101025, 264101026, 264101031, 264101032, 264101035, 264101051, 264101053, 264101064, 256102103, 266101004, 266101006, 266101013, 266101015, 266102012, 220101001, 230101014, 230101018, 230101026, 230101051, 230101053, 230101058, 230101063"
CS5291,5302,"230101066, 230101068, 230101071, 230101074, 230101077, 230101084, 230101117, 230101121, 240101047, 240101071, 240101072, 240101073, 240101074, 220101037, 220101105 , 256101007, 256101018"
CS5399,2203,"264101055, 266101010, 266101012, 266150006, 266150008, 230101004, 230101009, 230101015, 230101019, 230101023, 230101024, 230101025, 230101038, 230101045, 230101047, 230101055, 230101082, 230101086, 230101087, 230101092, 230101094, 230101100, 230101101, 230101106, 230101114, 230101120, 220101052, 220101081"
DA3051,5401,"240150001, 240150002, 240150003, 240150004, 240150005, 240150006, 240150007, 240150008, 240150009, 240150010, 240150012, 240150013, 240150014, 240150015, 240150016, 240150018, 240150019, 240150020, 240150021, 240150022, 240150023, 240150024, 240150025, 240150026"
DA3051,5402,"240150027, 240150029, 240150030, 240150031, 240150032, 240150033, 240150035, 240150036, 240150037, 240150038, 240150040, 240150041, 240150042, 240150043, 240150044, 240150045, 240150046, 240150047, 240150048, 240150049"
DD5559,2201,"266105003, 266105017, 266149003, 230205024, 254205003, 254205004, 254205009, 254205012, 254205018, 254205028, 254205125"
EE1101H,5301,"260101009, 260101030, 260101040, 260101048, 260101081, 260101104, 260101001, 260101002, 260101003, 260101004, 260101005, 260101006, 260101007, 260101008, 260101010, 260101011, 260101012, 260101013, 260101014, 260101015, 260101016, 260101017, 260101018, 260101019"
EE1101H,5302,"260101020, 260101021, 260101022, 260101023, 260101024, 260101025, 260101026, 260101027, 260101028, 260101029, 260101031, 260101032, 260101033, 260101034, 260101035, 260101036, 260101037, 260101038, 260101039, 260101041, 260101042, 260101043, 260101044, 260101045"
EE1101H,5303,"260101046, 260101047, 260101049, 260101050, 260101051, 260101052, 260101053, 260101054, 260101055, 260101056, 260101057, 260101058, 260101059, 260101060, 260101061, 260101062, 260101063, 260101064, 260101065, 260101066, 260101067, 260101068, 260101069, 260101070"
EE1101H,5304,"260101071, 260101072, 260101073, 260101074, 260101075, 260101076, 260101077, 260101078, 260101079, 260101080, 260101082, 260101083, 260101084, 260101085, 260101086, 260101087, 260101088, 260101089, 260101090, 260101091, 260101092, 260101093, 260101094, 260101095"
EE1101H,5305,"260101096, 260101097, 260101098, 260101099, 260101100, 260101101, 260101102, 260101103, 260101105, 260101106, 260101107, 260101108, 260101109, 260101110, 260101111, 260101112, 260101113, 260101114, 260101115, 230101076"
EE1102H,5401,"260103094, 260103001, 260103002, 260103003, 260103004, 260103005, 260103006, 260103007, 260103008, 260103009, 260103010, 260103011, 260103012, 260103013, 260103015, 260103016, 260103017, 260103018, 260103019, 260103020, 260103021, 260103022, 260103023, 260103024"
EE1102H,5402,"260103026, 260103027, 260103028, 260103029, 260103030, 260103031, 260103032, 260103033, 260103034, 260103035, 260103036, 260103037, 260103038, 260103039, 260103040, 260103041, 260103042, 260103043, 260103045, 260103046, 260103047, 260103048, 260103049, 260103050"
EE1102H,5403,"260103051, 260103052, 260103053, 260103054, 260103055, 260103056, 260103057, 260103058, 260103059, 260103060, 260103061, 260103062, 260103063, 260103064, 260103065, 260103066, 260103067, 260103068, 260103069, 260103070, 260103071, 260103072, 260103073, 260103074"
EE1102H,5404,"260103075, 260103076, 260103077, 260103078, 260103079, 260103080, 260103081, 260103082, 260103083, 260103084, 260103085, 260103086, 260103087, 260103088, 260103089, 260103090, 260103091, 260103092, 260103093, 260103095, 260103096, 260103097, 260103098, 260103099"
EE1102H,5405,"260103100, 260103101, 260103102, 260103103, 260103104, 260103105, 260103106, 260103107, 260103108, 260103109, 260103110, 260103111, 260103112, 260103113, 260103114, 260103115, 260103116, 260103117"
EE1103H,2201,"260107005, 260107001, 260107002, 260107003, 260107004, 260107006, 260107008, 260107010, 260107011, 260107012, 260107013, 260107014, 260107015, 260107016, 260107017, 260107018, 260107019, 260107020, 260107021, 260107022, 260107023, 260107024, 260107025, 260107026, 260107027, 260107028, 260107029, 260107030, 260107031, 260107032, 260107033, 260107034, 260107035, 260107036, 260107037, 260107038"
EE1103H,2202,"260107039, 260107041, 260107042, 260107043, 260107044, 260107045, 260107046, 260107047, 260107049, 260107051, 260107052, 260107053, 260107054, 260107055, 260107056, 260107057, 260107058, 260107059, 260107060, 260107061, 260107062, 260107063, 260107064, 260107065, 260107066, 260107067, 260107068, 260107070, 260107072, 260107073"
EE1103H,2204,"260107074, 260107075, 260107076, 260107077, 260107078, 260107080, 260107081, 260107082, 260107083, 260107084, 260107085, 260107086, 260107087, 260107088, 260107089, 260107090, 260107091, 260107092"
EE1104H,2203,"260151001, 260151002, 260151003, 260151004, 260151005, 260151006, 260151007, 260151008, 260151009, 260151010, 260151011, 260151012, 260151013, 260151014, 260151015, 260151016, 260151017, 260151018, 260151019"
EE5042,5301,"264102004, 264102006, 264102020, 266102001, 266102019, 266102028, 266102030, 266102032, 266150001, 266150003, 266150004, 266150007, 240102019, 240102098, 240102250, 220102019, 240102005, 240102011, 240102012, 240102013, 240102020, 240102022, 240102025, 240102027, 240102031, 240102033, 240102034"
EE5042,5302,"240102036, 240102037, 240102038, 240102041, 240102043, 240102045, 240102047, 240102049, 240102050, 240102051, 240102053, 240102057, 240102060, 240102061, 240102062, 240102065, 240102067, 240102071, 240102074, 240102078, 240102080, 240102082, 240102084, 240102085, 240102086, 240102089, 240102090"
EE5042,5303,"240102093, 240102094, 240102100, 240102102, 240102104, 240102107, 240102108, 240102109, 240102110, 240102111, 240102115, 240102116, 240102119, 240102120, 240102126, 240102213, 240102215, 240102217, 240102220, 240102224, 240102225, 240102226, 240102228, 240102230, 240102231, 240102241, 240102244"
EE5042,5304,"240102251, 240102252, 240102258, 240102259, 240102261, 240102262, 240102263, 240102264, 240102266, 240102268, 240102269, 240102271, 240102272, 240102275, 240102278, 240107004, 240107014, 240107019, 240107025, 240107030, 240107051, 240107060, 240107096, 240107098, 240122004, 240122007, 240122010"
EE5042,5305,"240122011, 240122017, 240122018, 240122020, 240122025, 240122026, 240122030, 240122033, 240122035, 240122037, 240122047, 240122050, 240122055, 240122058, 230102011, 256102019, 240122061"
HS5216,2201,"252241101, 252241102, 252241103, 252241104, 252241106, 252241108, 252241109, 252241110, 252241112, 252241113"
HS6225,2201,"266141010, 252241001, 252241003, 252241005, 252241006, 252241007, 252241013, 252241016, 252241017, 252241021, 252241022, 252241033, 252241035, 252241037, 252241038, 252241039, 252241041, 256141105"
HT1106,5406,"260359001, 260359002, 260359003, 260359004, 260359005, 260359006, 260359007, 260359008, 260359009, 260359010, 260359011, 260359012, 260359014 , 260359015 , 260359016 , 260359017 , 260359018, 260359019, 260359020, 260359021, 260359022"
HT2102,5306,"250359001, 250359002, 250359003, 250359004, 250359005, 250359006, 250359009, 250359010, 250359011, 250359013, 250359015, 250359016, 250359018, 250359019, 250359020, 250359021, 250359022, 250359023"
MA6026,2202,"256123102, 266123008, 266123010, 266123012, 230121015"
ME3104,5403,"240103051, 240103001, 240103002, 240103003, 240103004, 240103005, 240103006, 240103007, 240103008, 240103009, 240103010, 240103011, 240103012, 240103013, 240103015, 240103017, 240103018, 240103019, 240103020, 240103022, 240103023, 240103024, 240103025, 240103027, 240103028, 240103029, 240103031"
ME3104,5404,"240103032, 240103033, 240103034, 240103035, 240103036, 240103037, 240103038, 240103039, 240103040, 240103041, 240103042, 240103045, 240103046, 240103047, 240103048, 240103049, 240103050, 240103052, 240103053, 240103054, 240103055, 240103056, 240103057, 240103058, 240103059, 240103060, 240103061"
ME3104,5405,"240103062, 240103063, 240103065, 240103066, 240103067, 240103068, 240103069, 240103070, 240103071, 240103072, 240103073, 240103075, 240103076, 240103078, 240103079, 240103080, 240103081, 240103082, 240103083, 240103084, 240103085, 240103086, 240103089, 240103090, 240103092, 240103093, 240103094"
ME3104,5406,"240103097, 240103098, 240103099, 240103100, 240103101, 240103102, 240103103, 240103104, 240103108, 240103109, 240103110, 240103111, 240103112, 240103113, 240103115, 240103117, 240103118, 240103120, 240103121, 240103122, 240103123, 240103124, 240103125"
PH5220,2203,"230121014, 230121017, 230121022, 230121023, 230121036, 230121039, 230121045, 230121050, 220121024, 252121001, 252121004, 252121008, 252121009, 252121010, 252121012, 252121013, 252121015, 252121017, 252121021, 252121022, 252121023, 252121024, 252121025, 252121027, 252121028, 252121040, 252121041, 252121044, 252121051, 252121052, 252121055, 252121056"
BT6020,5301,"264106006, 264106011, 264106026, 264106027, 264106041, 264106103, 264162001, 264162002, 266105013, 266106001, 266106005, 266106007, 266106011, 266106020, 266106021, 266106023, 266106024, 266106026, 266106029, 266106030, 266106031, 266106032, 266106033, 266106034, 266106040, 266107016, 266152003"
BT6020,5302,"266152006, 266153004, 266153005, 266153006, 230101005, 230101096, 230102029, 220101037, 220101055, 230101009, 230101011, 230101012, 230101016, 230101030, 230101032, 230101041, 230101061, 230101067, 230101082, 230101103, 230102002, 230102023, 230102107, 230102111, 230102122, 230102125, 230103012"
BT6020,5303,"230103023, 230103053, 230103077, 230103079, 230103081, 230103091, 230103116, 230103131, 230104010, 230104015, 230104111, 230104112, 230106005, 230106011, 230106012, 230106014, 230106019, 230106028, 230106031, 230106043, 230106044, 230106045, 230106046, 230106048, 230106051, 230106055, 230106067"
BT6020,5304,"230106075, 230106076, 230107013, 230107014, 230107031, 230107046, 230107047, 230107100, 230121005, 230122003, 230122006, 230122037, 230122038, 230122055, 230122064, 254156019, 264162003, 264162004, 264162006, 264162007"
CE4011,5401,"230102050, 220121024, 230101018, 230101028, 230101038, 230101052, 230101055, 230101057, 230101098, 230101099, 230101104, 230101108, 230102005, 230102012, 230102016, 230102035, 230102037, 230102062, 230102068, 230102069, 230102071, 230102072, 230102081, 230102092, 230102093, 230102097"
CE4011,5402,"230102098, 230103016, 230103021, 230103029, 230103031, 230103040, 230103046, 230103058, 230103061, 230103065, 230103073, 230103074, 230103086, 230103089, 230103090, 230103093, 230103094, 230103103, 230103105, 230103108, 230103113, 230104001, 230104005, 230104007, 230104008, 230104013"
CE4011,5403,"230104016, 230104018, 230104019, 230104020, 230104021, 230104022, 230104024, 230104026, 230104027, 230104028, 230104030, 230104031, 230104032, 230104034, 230104042, 230104045, 230104046, 230104049, 230104050, 230104053, 230104058, 230104059, 230104060, 230104063, 230104067, 230104075"
CE4011,5404,"230104080, 230104081, 230104083, 230104085, 230104093, 230104094, 230104105, 230104116, 230104117, 230104118, 230106008, 230106027, 230106029, 230106036, 230106041, 230106047, 230106049, 230106053, 230106056, 230106070, 230107010, 230107017, 230107019, 230107021, 230107071, 230107079"
CE4011,5405,"230107080, 230107085, 230107086, 230108008, 230108017, 230108018, 230108047, 230108056, 230121018, 230121030, 230121052, 230121057, 230121068, 230151016, 220101013"
CE5031,2203,"264104201, 264104203, 264104204, 264104205, 264104206, 264104207, 264104208, 264104209, 264104210, 264104211, 264104212, 264104213, 264104214, 264104215, 264104216, 264104217, 264104218, 264104219, 264104220, 264104415, 256104101, 256104109, 266104001, 266104007, 266104022, 264104202"
CH4125,5301,"230101004, 230101080, 230104017, 230108030, 230108052, 220101052, 220122022, 220122042, 230101008, 230101020, 230101025, 230101027, 230101029, 230101042, 230101044, 230101048, 230101054, 230101060, 230101062, 230101065, 230101066, 230101075, 230101088, 230101111, 230101118, 230101124"
CH4125,5302,"230102008, 230102020, 230102028, 230102031, 230102036, 230102038, 230102043, 230102082, 230102088, 230102089, 230102100, 230102110, 230102124, 230103011, 230103014, 230103019, 230103026, 230103032, 230103033, 230103034, 230103036, 230103038, 230103052, 230103059, 230103068, 230103071"
CH4125,5303,"230103072, 230103092, 230103100, 230103104, 230103127, 230103129, 230104004, 230104011, 230104037, 230104044, 230104047, 230104048, 230104052, 230104055, 230104056, 230104057, 230104061, 230104066, 230104087, 230104091, 230104100, 230104107, 230104108, 230104115, 230106007, 230106026"
CH4125,5304,"230106034, 230106038, 230106060, 230106077, 230107006, 230107012, 230107023, 230107035, 230107057, 230107064, 230107066, 230107069, 230107072, 230107076, 230107099, 230107105, 230107106, 230107107, 230108012, 230108019, 230108021, 230108026, 230108028, 230108036, 230108041, 230108057"
CH4125,5305,"230108061, 230108066, 230108068, 230108070, 230108073, 230108080, 230121007, 230121009, 230121021, 230121022, 230121026, 230121031, 230121034, 230121040, 230121042, 230121044, 230121045, 230121050, 230121055, 230122002, 230122009, 230122014, 230122016, 230122019, 230122027, 230122028"
CH4125,5306,"230122030, 230122035, 230122036, 230122043, 230122045, 230122046, 230122048, 230122050, 230122051, 230122052, 230122054, 230122059, 230122065, 230151002, 230151011, 230151013, 230151019, 220102019"
CL2091M,5406,"250107036, 250107088, 250121029, 250205021, 250205027"
CL6013,2203,"266107001, 264107104, 264107109, 264107202, 264107205, 264107207, 266104018, 200106077, 220103036, 230102070, 230103087, 230103095, 230104051, 230104077, 230104095, 230106010, 230107007, 230107022, 230107044, 230107075, 230107087, 230107092, 230107101, 230121003, 230121016, 230121036, 230121069, 230122013, 230122018, 230122022, 230122049, 254107130"
CL6043,5305,"264107002, 264107003, 264107101, 264107105, 264107128, 264107201, 264107203, 264107206, 264107208, 264107209, 220101001, 230102115, 230104099, 230108013, 230121035, 230151004, 240102016, 240102021, 240102068, 240102106, 240102277, 240107001, 240107013, 240107015, 240107018, 240107028"
CL6043,5306,"240107040, 240107041, 240107044, 240107046, 240107049, 240107057, 240107067, 240107074, 240107076, 240107080, 240107091, 240107093, 240107099, 240107100, 240107101, 240122009, 240122012, 240122040, 240122043, 220121022, 230121036, 254107004"
CS2091M,2201,"260122001, 250102008, 250102009, 250102020, 250102036, 250102039, 250102041, 250102043, 250102044, 250102051, 250102075, 250102080, 250102081, 250102083, 250102084, 250102087, 250102088, 250102089, 250102091, 250102093, 250102094, 250102095, 250102097, 250102098, 250102099, 250102100, 250102101, 250102103, 250102107, 250102205, 250102209, 250102216, 250102244, 250102255, 250102259, 250103037"
CS2091M,2202,"250103101, 250103107, 250104015, 250104018, 250104030, 250104037, 250104049, 250104068, 250104074, 250104076, 250104078, 250104086, 250104109, 250106071, 250107006, 250107012, 250107019, 250107021, 250107073, 250121012, 250121032, 250121049, 250122002, 250122009, 250122017, 250122035, 250122038, X250101117, 250102208"
CS4101,5401,"230102077, 230101002, 230101015, 230101023, 230101026, 230101037, 230101040, 230101083, 230101084, 230101101, 230101110, 230101112, 230101114, 230102003, 230102010, 230102019, 230102021, 230102040, 230102044, 230102045, 230102048, 230102051, 230102055, 230102057, 230102059, 230102060, 230102063"
CS4101,5402,"230102078, 230102085, 230102090, 230102101, 230102102, 230102108, 230102112, 230102114, 230102116, 230102118, 230102121, 230102123, 230102126, 230103060, 230104003, 230104006, 230104023, 230104041, 230104068, 230104079, 230104097, 230104114, 230106024, 230106042, 230107070, 230108003, 230108010"
CS4101,5403,"230108011, 230108014, 230108022, 230108033, 230108043, 230108051, 230108053, 230108055, 230108060, 230108078, 230121010, 230121015, 230121020, 230121023, 230121029, 230121043, 230121060, 230122034, 230122053, 230151003"
DA2091M,2201,"262241014, 250103041, 250103064, 250103080, 250103095, 250103102, 250103112, 250103117, 250104032, 250104040, 250104048, 250104059, 250104069, 250104082, 250104094, 250104095, 250104096, 250104097, 250104103, 250107002, 250107003, 250107009, 250107011, 250107018, 250107043, 250107046, 250107049, 250107056, 250107059, 250107066, 250107068, 250121011, 250121014, 250121018, 250121024"
DA2091M,2202,"250121050, 250121055, 250121056, 250122007, 250122024, 250122026, 250122041, 250122053, 250122055, 250123005, 250123011, 250123013, 250123026, 250123031, 250123032, 250123049, 250123054, 250123060, 250123066, 250123071, 250359004, 250359020, 250205053, 246103102, 246106004"
DA4022,5301,"230101003, 230101022, 230101035, 230101036, 230101039, 230101046, 230101049, 230101050, 230101053, 230101056, 230101058, 230101059, 230101078, 230101079, 230101081, 230101085, 230101089, 230101093, 230101094, 230101095, 230101119, 230101122, 230101125, 230102004, 230102015, 230102027"
DA4022,5302,"230102039, 230102047, 230102054, 230102065, 230102073, 230102076, 230102086, 230102094, 230102096, 230102099, 230102105, 230102109, 230102113, 230102119, 230103003, 230103004, 230103007, 230103013, 230103018, 230103020, 230103022, 230103041, 230103056, 230103062, 230103066, 230103067"
DA4022,5303,"230103076, 230103088, 230103101, 230103117, 230103123, 230103124, 230103128, 230103133, 230104043, 230104071, 230104088, 230104090, 230104102, 230106009, 230106015, 230106035, 230106050, 230106069, 230106074, 230106081, 230106084, 230107038, 230107050, 230107084, 230108001, 230108034"
DA4022,5304,"230108038, 230108042, 230108048, 230108054, 230108058, 230108059, 230108062, 230108065, 230108067, 230108071, 230108072, 230108075, 230108079, 230121004, 230121032, 230121037, 230121048, 230121049, 230121051, 230121054, 230121064, 230122005, 230122007, 230122008, 230122011, 230122024"
DA4022,5305,"230122044, 230122056, 230122057, 230151007, 230151010"
DA6021,5401,"266102015, 266150005, 220101081, 230101001, 230101006, 230101010, 230101013, 230101017, 230101021, 230101024, 230101031, 230101045, 230101064, 230101073, 230101086, 230101087, 230101091, 230101092, 230101109, 230101115, 230101116, 230101120, 230101120, 230101123, 230102006, 230102011"
DA6021,5402,"230102017, 230102022, 230102033, 230102049, 230102052, 230102056, 230102083, 230102095, 230102103, 230102117, 230102120, 230103037, 230103042, 230103043, 230103044, 230103049, 230103080, 230103082, 230103114, 230103121, 230103122, 230103126, 230104012, 230104036, 230104039, 230104040"
DA6021,5403,"230104062, 230104069, 230104070, 230104089, 230106001, 230106002, 230106003, 230106017, 230106018, 230106020, 230106021, 230106022, 230106030, 230106032, 230106040, 230106052, 230106058, 230106061, 230106063, 230106068, 230106071, 230106073, 230106078, 230106079, 230106082, 230107003"
DA6021,5404,"230107005, 230107008, 230107009, 230107041, 230107058, 230107082, 230107097, 230107108, 230108002, 230108015, 230108020, 230108035, 230108039, 230108069, 230108074, 230108076, 230121012, 230121017, 230121019, 230121025, 230121027, 230121028, 230121033, 230121059, 230121063, 230121066"
DA6021,5405,"230121067, 230122001, 230122015, 230122020, 230122021, 230122026, 230122032, 230122033, 230122039, 230122041, 230122047, 230122062, 230122063, 230151006, 230151012, 230151015, 230151018"
DD2091M,2204,"250101091, 250102211, 250102212, 250103001, 250103035, 250103068, 250104081, 250104098, 250106074, 250150037, 250151008, 250151009, 250359019"
DD5550,5406,"256105103, 266102017, 266105004, 266105017, 266159003"
EE2091M,5301,"250103031, 250103034, 250103055, 250103078, 250103115, 250104036, 250104056, 250104058, 250104067, 250104101, 250106008, 250106038, 250106041, 250106050, 250107022, 250107029, 250121001, 250121006, 250121015, 250121017, 250121023, 250121025, 250121026, 250121046"
EE2091M,5302,"250121066, 250122006, 250122028, 250122030, 250122032, 250122033, 250122054, 250122057, 250123042, 250151020, 250359010, 250359011, 250359018, 250359022, 250205008, 250205045"
EE5540,5001,"264102502, 264102505, 264102509, 264102510, 230102013, 230101007, 230102001, 230102025, 230102026, 230102041, 230102064, 230102074, 230102080, 230102091, 230102106, 230103010, 230103099, 230104035, 230104073, 230104086, 230104098, 230104113, 230107053, 230107065, 230107098"
EE5540,5002,"230107103, 230108007, 230108009, 230108016, 230108044, 230108063, 230108064, 230108077, 230121038, 230121039, 230121041, 230150021, 230151005"
HS5215,2202,"262241102, 262241104, 262241105, 256141103, 266141001, 266141012, 266141015, 230205022"
MA2091M,5303,"250101071, 250102004, 250102005, 250102007, 250102011, 250102015, 250102017, 250102031, 250102033, 250102034, 250102057, 250102068, 250102201, 250102202, 250102210, 250102239, 250102241, 250102242, 250103044, 250103060, 250104009, 250104063, 250106004"
MA2091M,5304,"250107033, 250107035, 250107055, 250107089, 250107092, 250121010, 250121030, 250121043, 250121063, 250121067, 250122001, 250122043, 250122046, 250150003, 250150035, 250150040, 250150047, 250150048"
MA4024,2201,"230101070, 230102030, 230103069, 230108040, 230121011, 230121013"
MA5055,5305,"266123016, 266123017, 230123002, 252123105, 230123007, 230123008, 230123009, 230123011, 230123015, 230123016, 230123017, 230123019, 230123020, 230123021, 230123022, 230123024, 230123026, 230123029, 230123032, 230123037, 230123038, 230123039, 230123040, 230123042"
MA5055,5306,"230123043, 230123045, 230123048, 230123049, 230123054, 230123055, 230123057, 230123059, 230123060, 230123061, 230123062, 230123065, 230123069, 230123073, 230123075, 230123076, 230123078, 230123080, 230123082, 256102002, 252123110"
ME2091M,5405,"240103004, 250101114, 250102019, 250102038, 250102228, 250102246, 250102247, 250102264, 250103007, 250103010, 250103015, 250103030, 250103032, 250103040, 250103050, 250103079, 250103081, 250103087, 250104014, 250104026, 250104044, 250104071, 250104075"
ME2091M,5406,"250104083, 250104091, 250106012, 250106023, 250106067, 250121058, 250123059, 250151019, 250359015, 250359023, 250205017, 250205020, 250205026, 250205031, 250205037, 250205042, 254159002, 254159107"
ME6674,2203,"264103103, 264103106, 264103107, 264103208, 264103214, 264103219, 266103002, 230101113, 230101033, 230101034, 230101047, 230101097, 230101105, 230101107, 230101117, 230102061, 230102075, 230103009, 230103015, 230103024, 230103027, 230103028, 230103035, 230103045, 230103048, 230103050, 230103051, 230103055, 230103063, 230103070, 230103078, 230103084, 230103098, 230103106, 230103107"
ME6674,2204,"230103109, 230103112, 230103115, 230103125, 230103130, 230103132, 230104029, 230104033, 230104076, 230106006, 230106023, 230106083, 230107026, 230107063, 230108037, 230108046, 230121014, 230121058, 230151017"
PH2091M,2201,"250102026, 250102048, 250103094, 250104019, 250106035, 250359002, 250359005"
PH4650,2202,"230101100, 230103006, 230104065, 230104109, 230107027, 230121056"
RT5021,2204,"264154001, 264154003, 264154004, 264154005, 264154006, 264154007, 264154008, 264154010, 264154011, 256154101, 256157101, 266154005, 266154006, 266154008"
